2,264.8,DKzFw_i6Ffg,265.14285714285717,-0.1,0.0,0.0,,
3,276.6628125,Y6zAT15vaFk,275.952,-0.3,0.0,0.0,,
4,236.09466666666665,mbJ9D_p3p24,217.05599999999998,0.5,0.0,0.0,,
5,256.9404166666667,,,,,,NpsvBvwRuf0,
6,170.46666666666667,,,,,,QurVLnYoFqo,
7,218.62515,,,,,,50JtpsgyQF4,
8,227.73333333333332,,,,,,HF03S-1mVR8,
10,314.23225,,,,,,s08jD3E6Mpg,
11,222.0668125,,,,,,bbC_8YrU3D4,
12,262.32166666666666,,,,,,ypGNk8AUTVg,
13,198.13879166666663,,,,,,00CUaIoO5w4,
14,248.26775,,,,,,BdpJh_zc6k8,
15,281.84,,,,,,X1jKDc7udrw,
16,301.1135,,,,,,m4KKngS5oTY,
18,287.503625,,,,,,_mPa_6c87gE NbECsS_EvRM,
19,218.93225,,,,,,ZVY7eGwKD4U,
20,178.3640625,,,,,,bXvMJzgP1OQ,
21,383.2685833333333,,,,,,VVR29npkZss,
22,295.73225,,,,,,t4_SpFgbwY4,
23,193.257075,,,,,,zjPu_budyEk,
24,202.91920833333333,,,,,,a3EkrFdLSsg rY6IWNkGjA0 NgL8HT0a_Gg iNTRtSJlbiM,
26,314.56655,roUZ-P-BzIQ,353.112,-0.1,0,0,,YWshL0Vxiso PZSoa38AkyY ApUwm6XsuCE -NAPn1MOEIw 6bITHU0srt4 XoiEkEuCWog mxmd9KOAr-U hzzyCDMaa3s
27,278.53333333333336,,,,,,pAc5PYiWJlA,
28,501.8644375,,,,,,mC0J8S59GEE,
29,274.0245,,,,,,cmfUhEXAYWQ,
30,155.1412,,,,,,qa5O8pnR1C0 cKmS9bYUAdY,
31,143.3861,,,,,,6_bBIgtS-W8,
32,197.4595625,,,,,,WrGrnQALzao,
34,170.3444375,,,,,,XdENbPIp1EI RD_hup5w-e8 PgWHf5uJDoI,
35,292.64975,,,,,,PhbuXCpF_uc,
36,180.689,,,,,,LBF1aXLTroQ 8ifIcublKcw eFCTip9otKg a1jOaSqaKMs 7AgtWa7qLo4 Ibt1VpbzoEg 0-tP32rLO-A 4nE4yZfjA-0 qYX3OUAPsrA -CU3Mq-Qr9I kf6DkBahwRM,
37,383.0334375,,,,,,1lMNdvETaa0,
38,137.58695,,,,,,qx8QKlE6jMk P7m-Kenqhpk GHq0rKYKcn0,
39,196.44083333333333,,,,,,gdhqkHm5P6A,
40,142.579525,,,,,,ZL7WYCpu6pw PYOSKYWg-5E 1_iDgjDEN7w JyKtuiXlmNo GA6CoiwuInU qSeXgt8eubg bGHM6DSAgiA XQO4R3hhkOg GlZJRXJTX_k hEp1G3bPZGM HXcokAJGlCw,
42,257.9069375,,,,,,n6dyKbxC09o m-YyipjNlqU SYfHBmzC12o,
43,153.9657,,,,,,8yOjCL4Ungg,
44,337.423625,,,,,,BQNb0DSk9xk,
45,174.13225,,,,,,3DCmcZwV15k,
46,139.023625,,,,,,QLyUBHh2-bY S9E1-wCUDOQ,
47,205.4530625,,,,,,Um4yfX33EZc,
48,173.2963,,,,,,C46DHQ5Tc_8,
50,189.9102,,,,,,N0qsFutgWB4 xYcoUhjBSiE uYGWkRmadkU pDGjtJ658YY gs1Gv6GFAqE rk8bEbmwOh0 y1TyX04J00c AU_PuF59E5g AjLuenrAsbE bQDEZOCqrc0 pZXXVBEi0LQ,
51,243.85305,,,,,,zLAmxoX_P8U,
52,132.80655,,,,,,JSWqyKIEOa4 Qpq5kw0evJE,
53,275.2,,,,,,YmQbBNf6Mnc,
54,178.33795,,,,,,QjX68RsQwzg K6xnqQvrJk4 WBHC69ZnqC8 BloMA_AVJtg RKwLkBsr_8A k0CJwbayisw 3LCPHlFqmH0 zfR0IKFRvdw,
55,171.9118125,,,,,,twhTfYKmdD0,
56,191.92166666666665,,,,,,Fw-OV5U7L2g DsRup1iD_ME C6PSKqQlPTk,
58,331.07591666666667,,,,,,qB5BbPP5rXU -XlZSG9J2gQ,
59,266.9975833333333,,,,,,,
60,194.71675,,,,,,fyhTk596A9c,
61,150.56983333333332,,,,,,uD6m-qK6lWk,
62,33.43675,,,,,,,
63,1085.1526666666666,,,,,,,
64,559.2032916666667,,,,,,frSgTjHG1og,
66,40.359208333333335,,,,,,,
67,60.107791666666664,,,,,,,
68,544.05225,,,,,,dVURtE9kmbA,
69,188.395125,,,,,,z2GpKXFFek4,
70,1074.129,,,,,,,
71,234.99758333333332,,,,,,I7__ttqqRCE,
72,365.9232916666666,,,,,,,
74,191.32083333333333,,,,,,,
75,160.62695833333333,,,,,,7AmvvdPzzmw,
76,72.09795833333334,,,,,,,
77,115.12166666666668,,,,,,,
78,468.14041666666674,,,,,,,
79,121.782875,,,,,,,
80,65.33225,,,,,,,
82,115.591875,,,,,,,
83,23.69308333333333,,,,,,,
84,113.52816666666666,,,,,,,
85,197.61633333333333,,,,,,,
86,630.7787916666666,,,,,,,
87,60.05554166666667,,,,,,,
88,326.19104166666665,,,,,,,
90,1049.3649166666667,,,,,,,
91,413.80575,,,,,,,
92,110.05391666666668,,,,,,,
93,289.12329166666666,,,,,,6NIP81x-nAM,
94,71.49716666666667,,,,,,,
95,188.342875,,,,,,K8TEWwu9-98,
96,148.16654166666666,,,,,,s2yb9k9jBZQ,
98,211.72245833333332,,,,,,,
99,192.05225,,,,,,uPh_7tSEc4w,
100,147.85308333333333,,,,,,,
101,21.263708333333334,,,,,,,
102,44.9045,,,,,,,
103,114.65145833333334,,,,,,,
104,183.6147083333333,,,,,,ZOJxb_KoU18 d4EN-A6bqAE,
106,45.37470833333333,,,,,,,
107,64.49633333333334,,,,,,,
108,431.9608,,,,,,JpjEVsogI0Q,
109,433.00575,,,,,,,
110,117.21145833333334,,,,,,,
111,69.302875,,,,,,ShRjwiNRQSY,
112,187.6375833333333,,,,,,MbB_sbRjoAI,
114,297.8742916666667,,,,,,ZIalwWHBnkY,
115,144.53554166666666,,,,,,,
116,273.00575,,,,,,AB5sDA7aztA,
117,65.33225,,,,,,,
118,71.7845,,,,,,SeGjwmA-nao,
119,238.471875,,,,,,,
120,108.5649,,,,,,epIliwZ9Q9k,
122,424.071875,,,,,,gAsXbQlCMBY,
123,129.88083333333333,,,,,,,
124,1078.831,,,,,,,
125,191.059625,,,,,,,
126,179.6963,,,,,,FM6OQRsFPwI,
127,102.55675,,,,,,,
128,126.0275,,,,,,WieyrIDEghQ,
130,85.94285,,,,,,cMfoY94Vy_8,
131,98.514,,,,,,Tvi40V60O3g,
132,168.51591666666667,,,,,,,
133,189.59675,,,,,,,
134,32.339625,,,,,,,
135,116.11429166666667,,,,,,,
136,107.702875,,,,,,,
138,80.770625,,,,,,,
139,167.83675,,,,,,,
140,111.0748125,,,,,,GZib08sHrwE,
141,614.3477916666667,,,,,,AloBa9SPM7U,
142,136.30695833333334,,,,,,,
143,455.05305,,,,,,BLwYUicArTg,
144,19.095541666666666,,,,,,,
146,240.53554166666663,,,,,,,
147,333.6359166666667,,,,,,,
148,48.326541666666664,,,,,,,
149,332.5126666666667,,,,,,,
150,82.39020833333333,,,,,,,
151,97.43675,,,,,,,
152,223.059625,,,,,,6FjqgK5Wmwg,
154,203.67675,,,,,,5Z4fM0_2usc,
155,249.8612,,,,,,,
156,393.0645,,,,,,uErKOv1wb_k,
157,28.86533333333333,,,,,,,
158,436.19266666666664,,,,,,u-neICCDaTY,
159,268.9045,,,,,,OVG0zcgcNok,
160,94.19758333333333,,,,,,,
162,206.05391666666668,,,,,,2N0D-kt2fX4,
163,104.07185,,,,,,,
164,564.767375,,,,,,djrPX6OdlKE,
165,159.0596,,,,,,3wHDxdEwjSo,
166,59.55920833333333,,,,,,,
167,75.8335,,,,,,,
168,104.071875,,,,,,kRQcAjvzvs0,
170,310.51758333333333,,,,,,ZsLj82BSyeM,
171,84.610625,,,,,,,
172,75.8335,,,,,,,
173,232.09795,,,,,,RGdaZyBefAc,
174,95.21633333333334,,,,,,,
175,75.8335,,,,,,,
176,47.751875,,,,,,,
178,75.8335,,,,,,,
179,280.8424583333333,,,,,,,
180,291.65715,,,,,,n9I8_Ya5ccw,
182,38.89633333333333,,,,,,,
183,161.07104166666667,,,,,,Xk9awBJxZDM,
184,588.3559,,,,,,,
186,652.3298333333332,,,,,,QP2YDDftN1I,
187,29.96245833333333,,,,,,,
188,263.49716666666666,,,,,,,
189,787.46125,,,,,,,
190,127.059625,,,,,,XJuNWjzy9vE,
191,342.027,,,,,,guYbOnQz_Mo,
192,209.0579583333333,,,,,,rguiOWLm1tg,
194,342.027,,,,,,guYbOnQz_Mo,
195,60.499625,,,,,,,
196,37.4335,,,,,,,
197,236.06858333333332,,,,,,MhLzZBj4kig,
198,158.06695833333333,,,,,,gk3er_Gbxsg,
199,342.027,,,,,,,
200,208.64,,,,,,k3hs1TXBhV8,
202,342.027,,,,,,guYbOnQz_Mo,
203,521.8742916666666,,,,,,1mz9v6afj_g,
204,188.31675,,,,,,n0-wtP8TZQE,
205,104.46365,,,,,,,
206,242.102875,,,,,,fIKPvUC46Sk,
207,238.55020833333333,,,,,,,
208,50.88654166666666,,,,,,,
210,95.24245833333332,,,,,,,
211,112.06533333333331,,,,,,,
212,159.059625,,,,,,kxjwb5cXTI0,
213,221.07429166666665,,,,,,XeO2cWyB1Xg,
214,92.63020833333331,,,,,,,
215,152.16329166666668,,,,,,qwchF14gXdE,
216,135.62779166666667,,,,,,p-4kNaeUVq8,
218,87.58858333333332,,,,,,fmZPX5FV4Xk,
219,176.14370833333336,,,,,,,
220,124.00329166666668,,,,,,,
221,387.36983333333336,,,,,,,
222,370.311875,,,,,,,
223,96.391875,,,,,,fYJVsptOXBc,
224,11.598375,,,,,,,
226,13.296333333333333,,,,,,,
227,113.031875,,,,,,RZSNIAzmtMQ,
228,177.76329166666667,,,,,,0VAe5fYJzAo,
229,230.13879166666663,,,,,,rFKxh8YftOA,
230,28.003291666666666,,,,,,,
231,279.40575,,,,,,xDOf7ZVIrfM,
232,71.05308333333333,,,,,,H4h6uVlfSxk,
234,209.0579583333333,,,,,,aOgLM7nUFko,
235,127.0335,,,,,,,
236,145.05795833333337,,,,,,1Pf1xgdzKyY,
237,314.1224583333333,,,,,,PaTbTzrNLkA,
238,61.17879166666667,,,,,,,
239,182.0735,,,,,,,
240,66.586125,,,,,,,
242,97.07104166666667,,,,,,,
243,60.447375,,,,,,,
244,69.06779166666666,,,,,,,
245,246.67429166666668,,,,,,PKoEYfMEyxE,
246,258.01145833333334,,,,,,qv3ivj7wmUY,
247,83.90533333333333,,,,,,,
248,113.29308333333331,,,,,,,
250,179.93145833333332,,,,,,XAvf07g33Eo,
251,270.0539166666667,,,,,,,
252,136.93391666666668,,,,,,YKQYXBUpxEc,
253,38.5045,,,,,,,
254,188.3951,,,,,,0PDX4Vd4aRQ,
255,39.7845,,,,,,,
256,24.32,,,,,,FshIAEEb4UQ,
258,106.5535,,,,,,dm_UproGtNo,
259,63.89554166666667,,,,,,MRL-5CC8zLE,
260,187.6375833333333,,,,,,,
261,1746.6775833333334,,,,,,,
262,135.05308333333332,,,,,,,
263,474.9845,,,,,,0MikuFTonJ4,
264,722.07675,,,,,,,
266,142.73308333333333,,,,,,,
267,89.07758333333334,,,,,,,
268,302.0539166666667,,,,,,_JvxMisfoyk,
269,546.0637083333334,,,,,,7uLBx_VVQa0,
270,334.8375833333333,,,,,,iLes0pNj-Kw,
271,122.20083333333334,,,,,,LKYD33OT79s,
272,160.86204166666667,,,,,,xH_JkLJoBpI,
274,173.06125,,,,,,RQxVflQK7lM,
275,151.170625,,,,,,7ACZoJleYT8,
276,658.0245,,,,,,,
277,266.18779166666667,,,,,,,
278,240.0653333333333,,,,,,bk5OhlEN6pA,
279,370.07675,,,,,,-kjfYjqw19E,
280,237.06125,,,,,,vt8PNSpie5g,
282,663.04,,,,,,pMlOQX2QytI,
283,171.07591666666667,,,,,,aLg-5B6G-Ho,
284,616.071875,,,,,,,
285,239.07266666666663,,,,,,Zt9AEuocC_Q,
286,251.062875,,,,,,,
287,242.36408333333333,,,,,,orx6EstWsl8,
288,180.06204166666663,,,,,,,
290,420.075125,,,,,,IWEozvvmRzQ,
291,120.29391666666666,,,,,,,
292,63.52983333333334,,,,,,,
293,906.7885833333332,,,,,,,
294,138.5535,,,,,,myTQlGH6AJU,
295,299.07591666666667,,,,,,4lBNA-WVseI,
296,72.019625,,,,,,Mq4xGlznkAE,
298,143.07266666666666,,,,,,,
299,71.00083333333333,,,,,,,
300,29.387791666666665,,,,,,,
301,153.26041666666666,,,,,,,
302,458.05716666666666,,,,,,,
303,225.7240833333333,,,,,,FTphxXXSbFs,
304,153.07758333333334,,,,,,p87Xr_v-hUs,
306,128.29333333333332,,,,,,ws-_syszg84 As2vsM8MH48,
307,334.02775,,,,,,Giamz8EehFQ,
308,282.6529375,,,,,,HixVxx60K_U zoXM00Soj8U wfzgIxMEo8g aLeHxj2C3hk axkW5jVDJKg vuAIHmhJvs4,
309,123.79429166666668,,,,,,,
310,266.42925,,,,,,qUmgd_hqq-U 6gHyHY_GEbU 7PeKI8Z5css,
311,163.25333333333333,,,,,,36lb-1nIROk,
312,188.3616875,,,,,,3IFp4hOW9vA bUroyHPuCpw FeStp9U2pC4 yMPvqq2UgfY gAP_z3_5EvA xRqqcPKdt6Q Ehb2hhS-5BQ mlnlULMM6Sc UjCEjVIGzv8,
314,167.5755,,,,,,EXSSSt1HK_4 Y1zJn4hnS-Q HALf3esHQJ0 1Swj8xHC_Rs e5UwEqWiK9k 8g9cyTYISZU f01URP4x7ac 4ifcOah-FQI SAgYiERRDPY WJEYYcdblkw pmG0ZNEPYEY jqpAgMxhx30 yyKIHw8OGYY,
315,139.859625,,,,,,WHg-b2hunVE,
316,220.55185,,,,,,B8uUnNxpAew pdsS_HPNf5Y 03sL6rgUonk 0cHsD8AyPSU,
317,199.24125,,,,,,,
318,220.16,,,,,,Ecuh7yrZjjo fvWHLDqhkEw VlDbUiBQwoo,
319,203.10845,,,,,,SQou9V5vO6k 7Zcan-h2TLA Bmj9nnyL_EA P8SLJFTkZKI ytQ_pDH0sbQ vzRkJr6Lpl0 Y7d3DRRgtTQ QixrAmxs7ck BtpaXreakRw AFU4V7gu7a0,
320,195.087,,,,,,BpzK-c9Jxeg,
322,242.991,,,,,,-eLYm3e0gEI,
323,275.04875,,,,,,xEtS_GdNUBk,
324,205.71429166666667,,,,,,S3anFUuK5JQ,
325,254.0970625,,,,,,T0PhcLDe2HI Z9zaFzE66-o,
326,223.71265306122453,,,,,,stYAPyJxrLs,
327,236.826125,,,,,,mpxcjypua5w,
328,46.419625,,,,,,poiQpWgrXxU pw3-fAavWMM,
330,210.0,,,,,,WD33ii01kXI,
331,258.4266666666667,,,,,,oRdxUFDoQe0,
332,287.11716666666666,,,,,,6t05xjrsAoE,
333,193.2,,,,,,ELFaFkpBVIs,
334,203.83346938775512,,,,,,f5u2uOM49eI,
335,237.6359183673469,,,,,,BFRnXE6kl74,
336,243.6046875,,,,,,9zoA0L2u-JQ oqH_8b-4214 SDWHIMUfi1Q KXaOayKwJ08 0hehMdILFpQ SzBVvrq3BFA cLHFxHTcSxo CZ5A2NcrOAM zNbod40yqgA QQHaj1HcGmY,
338,243.66666666666663,,,,,,wFK2r0OgmF4,
339,210.901,,,,,,dKL_Vovnc8s 9aF7ufFE33I _O4stj9PcYI,
340,282.6449166666667,,,,,,v33r88NXK-8,
341,38.191041666666656,,,,,,Zbr1mMoFJJ8 SL-b1GXLqbw,
342,327.84208333333333,,,,,,yomowCF5icY,
343,124.34285714285713,,,,,,cUUljoyrxCQ,
344,295.20983333333334,,,,,,s7ZoVCuQcD8,
346,230.26666666666668,,,,,,8ifeoU79b5A PCoCVYrJWYU,
347,273.18612244897963,,,,,,Q_0wzSdtZbM,
348,141.95083333333332,,,,,,AX6ss4bzpM0,
349,365.84489795918364,,,,,,,
350,243.09554166666663,,,,,,UqxL2lvb_oA,
351,219.191,,,,,,BbcCUwYD2dA -Xo64Q2ucQ8,
352,185.4,,,,,,YB0x2AGEUS8,
354,55.08,,,,,,csrVmkBCkFw,
355,170.45333333333338,,,,,,oFzM7DJ9nFw,
356,333.58508333333333,,,,,,WIHmmd8rrfE,
357,254.51104166666667,,,,,,iqpEwmbbbR8 ilyX_FQO1EE 1ObiR2f7lz4 yVxPIM0QHzU GRTqMgqFBSA H7bqZIpC3Pg se5O7pspiN0 JaYyX-NOcaU 7Ah2zkFUufM bIQIzJ2nMEA,
358,260.04900000000004,,,,,,BVo5Y_yVdas,
359,24.84245833333333,,,,,,2920nj96R8M,
360,190.955125,,,,,,hYTjBhplTGY,
362,268.8,,,,,,xI0uOSWuf_E,
363,247.90666666666667,,,,,,CjxZXRR4NzQ,
364,238.34666666666664,,,,,,LygwDxh-EmQ,
365,211.067,,,,,,EKOPq3pDQBM,
366,301.2781875,,,,,,OjYSC4_aawg,
367,248.346125,,,,,,TMRbDF-Ea8M YA2aq4maAkw,
368,330.13554166666665,,,,,,lrBYYDsWrmQ,
370,220.6563125,,,,,,P4v17ic9ySQ,
371,199.68,,,,,,Rdk-rHAndNc,
372,245.3943,,,,,,WGOohBytKTU,
373,136.20244897959185,,,,,,Ypn6Vj6PvOo,
374,90.869625,,,,,,_7kgJBGSEkw _xGhK6qgPtM araU0fZj6oQ WrjwGPb0Hvw 0SRonXlRHXk KYYvY3cyeKI 7JF1mVK9gYk he3DJLXbebI Ndpryp2OlUQ J5KnheYXreE,
375,227.4138125,,,,,,n2nzCrDYIHg kEFkr7ZO2G4 K983VTzC098 TuoxwcHcdn8,
376,216.398375,,,,,,SJUhlRoBL8M,
378,35.03020833333333,,,,,,qvtaKF-rDQU 4x5x8t0p1HM,
379,208.3262083333333,,,,,,QlXhHQQFCfk,
380,91.14125,,,,,,Wej0nlDjkpo,
381,54.56983333333334,,,,,,l9SqQNgDrgg,
382,169.09599999999998,,,,,,5Ssrm-aLGNw,
383,95.16408333333334,,,,,,yEKDYIYMgBc,
384,189.75985,,,,,,0qjzWSZ1mpI,
386,143.7257,,,,,,cREpeMHduZo,
387,89.44575,,,,,,,
388,97.77633333333333,,,,,,DXngbbrkHL0,
389,477.26666666666665,,,,,,W3BzAKHCEvo cFlDf7Ck-N4 9-SXt7H-eUk,
390,150.07345,,,,,,NwpPxlozOqM,
391,326.19104166666665,,,,,,ip111lXjDSs,
392,135.1053,,,,,,VWZkRNEULi4 DC0q1GrcviM,
394,131.29145833333334,,,,,,JjEPX_WHNXY,
395,107.6245,,,,,,am2T-1PsDO8 mF_6cSads0E,
396,179.6825,,,,,,e8XN8RwFedg,
397,139.25875,,,,,,,
398,86.0553125,,,,,,o0kZGz6CZa8,
399,166.84408333333334,,,,,,2mPOR-Eb87o,
400,164.25795,,,,,,H4s9R8vYx1Y,
402,340.03591666666665,,,,,,k--JfatucHY,
403,130.56,,,,,,iUXEbNm-0Tg,
404,358.06041666666664,,,,,,,
405,323.18695,,,,,,5V_jyIj2mpA,
406,427.729,,,,,,QRKFuY-MHeI,
407,279.5363,,,,,,FeCPW-cGah0,
408,370.7037083333333,,,,,,H4iAMx-nS6Y,
410,257.28,,,,,,mlPSzucHKnw,
411,275.487375,,,,,,CP5IhNePIck,
412,499.591875,,,,,,iUXEbNm-0Tg,
413,370.102875,,,,,,,
414,280.26779166666665,,,,,,4RzkdvT6Pnw,
415,190.58941666666664,,,,,,i82tkFErHzI,
416,255.4514583333333,,,,,,MjkeCC6L5II,
418,425.0645,,,,,,,
419,1561.9395625,,,,,,,
420,131.05633333333333,,,,,,5Luen1AghJk,
421,461.63591666666673,,,,,,V94F5KmucbM,
422,298.6318125,,,,,,,
423,726.0735,,,,,,,
424,470.41308333333336,,,,,,5Pi5ZJZ07ME,
426,473.49554166666667,,,,,,,
427,504.0326666666666,,,,,,33AsOWpWjZE,
428,197.53795,,,,,,NCKHbqaOweA,
429,179.931375,,,,,,Mg4eOHc3Rpg,
430,195.5004,,,,,,Sb3vf1YaV0s,
431,188.10775,,,,,,m-d5Xdm-EBY,
432,1028.4147,,,,,,,
434,182.56983333333332,,,,,,RgtTD3lcmH0,
435,38.609,,,,,,,
436,589.1519999999998,,,,,,vSJsC5RUsvE,
437,423.5232916666667,,,,,,Di16W_std0c,
438,225.09715,,,,,,59til4fU1tk,
439,153.3649,,,,,,,
440,509.38779166666666,,,,,,7QN7AGbtCAU,
442,394.7363333333333,,,,,,ChrMbTEuDDs,
443,157.07429166666662,,,,,,8SeeoXMXBRU,
444,490.78858333333335,,,,,,qpGVuV2bdDg,
445,208.03920833333333,,,,,,,
446,179.5657,,,,,,roKDHGGggEw,
447,186.06666666666663,,,,,,JkDBV4GGV50,
448,212.9502083333333,,,,,,T3V788pBx6E,
450,181.969,,,,,,zwW64YgkRNE,
451,220.7608,,,,,,,
452,211.56,,,,,,lh8GRYQtx2Q,
453,360.07185,,,,,,f72G0huGCzA,
454,185.9657,,,,,,z4kGn3W9mRU,
455,234.8147,,,,,,sUChrvmmH8k,
456,221.3355,,,,,,fagH03fxY7c,
458,254.1975833333333,,,,,,B4-PmKi_nG0,
459,115.5396,,,,,,oz0fk3G7upQ,
460,178.26491666666664,,,,,,fbye3GMeUFk,
461,115.5396,,,,,,h-d4PlcAGb4,
462,206.686125,,,,,,XuNxOjFX8oI,
463,178.29104166666667,,,,,,rmQY7aNQ9IA,
464,177.402875,,,,,,kv30_U_9ExU,
466,185.1298,,,,,,pHfhsoEbghw,
467,326.84408333333334,,,,,,qPfccMtDAJM,
468,728.9992083333333,,,,,,,
469,390.00816666666674,,,,,,JE5ozZro9Ng,
470,240.82285,,,,,,_w0Hbbnmv5M,
471,294.92245833333334,,,,,,XkD8ojDmV8Y,
472,352.339625,,,,,,UdegVsrO6Ac,
474,386.6645,,,,,,C-o8EeITzYM,
475,253.858,,,,,,G4036VdGmoU,
476,571.03675,,,,,,T_l2UMVwyGM,
477,323.0040833333333,,,,,,hpx7eaKjCfY,
478,525.06125,,,,,,BVF2H3s_Mk0,
479,466.4947,,,,,,QKQcagDsa20,
480,337.81554166666666,,,,,,9r31Vlw4MkY,
482,289.4754375,,,,,,I38lOVzRZDU,
483,168.07185,,,,,,foZEWL4PpqQ,
484,141.06666666666666,,,,,,O0gzsR-40Bw,
485,424.75104166666665,,,,,,o1izfUdFJjU,
486,216.92083333333332,,,,,,4QXGeuNRHLE,
487,349.93633333333327,,,,,,csuhzZPLlaU,
488,447.60816666666665,,,,,,T_NamwC1bS4,
490,313.0253333333333,,,,,,fJslbjCzVJk,
491,266.9714583333333,,,,,,XlMCKQTg1oY,
492,152.607375,,,,,,O0gzsR-40Bw,
493,158.64166666666668,,,,,,TqIrcCbEJbk,
494,342.0473469387755,,,,,,UFNCC3XpPjg,
495,460.70666666666665,,,,,,i3LrtMzAIec,
496,339.7224583333333,,,,,,7P1eXARHruY,
498,289.462875,,,,,,1G-zEp6iErY,
499,704.6008333333333,,,,,,,
500,565.629375,,,,,,,
501,301.4008333333333,,,,,,uQ8WewCpE5E,
502,353.8547083333333,,,,,,DyUlp_4bV0c,
503,297.45633333333336,,,,,,Xab8yPALBaA,
504,504.05879166666665,,,,,,Q-MGARQSCNs,
506,318.11920833333335,,,,,,hE_N8dJObGM,
507,540.6824583333333,,,,,,P_FeSOb-z8Q,
508,401.4498333333333,,,,,,6nYI0a-pZM0,
509,483.73554166666673,,,,,,SuMd8ldLqxo,
510,484.049,,,,,,fDfFjsUN8e4,
511,295.73225,,,,,,,
512,325.66858333333334,,,,,,CWHSKcVgEXM,
514,364.46041666666673,,,,,,i_sHjNcIrOs,
515,614.9485833333333,,,,,,,
516,518.45225,,,,,,phMZlBd9ljw,
517,418.35104166666673,,,,,,W4k1F1LYCQg,
518,264.04575,,,,,,5NXI9v7Rhzw,
519,174.6611,,,,,,FmDt7-lDGfc,
520,240.8751,,,,,,f-bDaPcY-1c,
522,270.23675,,,,,,BeJX2QV_5VA,
523,199.3404,,,,,,dLA3V1Dza-0,
524,190.7461,,,,,,EpN40V0s4_E,
525,175.07265,,,,,,OqG7ZMzk_Dg,
526,182.4653,,,,,,Gp9lZBgCW8Q,
527,162.8996,,,,,,89N4zem5cQg,
528,293.48575,,,,,,_FPTzVv-fog,
530,257.56735,,,,,,f5Hbh_-IRs8,
531,218.85391666666663,,,,,,rvAN2MNfflg,
532,438.20408333333336,,,,,,vZKFeI5Q6uA,
533,254.955125,,,,,,LM8yBRZbHCM,
534,149.06004166666668,,,,,,H5je_eK0V1w,
535,225.81540625,,,,,,mN78bVtTImI,
536,401.71104166666674,,,,,,-x-S-HzntaY,
538,52.77270833333333,,,,,,XYOFpQ0L9_E,
539,293.4595625,,,,,,oCojYVfs-Tg,
540,81.50204166666667,,,,,,V4fFwY-RHXY,
541,161.3061,,,,,,,
542,266.50666666666666,,,,,,sAypnmdiCEk,
543,135.0,,,,,,hPhzPcFXOp8,
544,257.358375,,,,,,FGEMz2vj7ko V-wEU8NSfWM,
546,209.528125,,,,,,,
547,89.2865,,,,,,QQI-VsR0K74 a7xiFQWseH0 nFCPdVtB8gI xtnXDdazois gjLNF9o0zLs 0sYguTPLpHE E7YTG-GlJFY 1nhLq8mjwA4 rjOhZZyn30k 0qm4eqHfQqw,
548,312.58125,,,,,,2WZiQXPVWho,
549,175.9608,,,,,,b-bJPmasXKs,
550,153.73333333333332,,,,,,XrjexLcQp1s,
551,260.63782312925173,,,,,,dDfq0IjgvlU,
552,146.29104166666667,,,,,,AQtW264rZlA,
554,97.98525,,,,,,7cMH0ExWHw8 pqvChb-fJoY o4x49MrabK8 A9xVvxkhZvc XsY3LEuXeio 37T_28eXX-o GRJBIAAjhK8 4Y7ZXmiVBnk 5ft2yXKcbSg p35XNot0ZGQ,
555,153.6836875,,,,,,PETKythiMbs 8oBwR49sUxs,
556,265.09591666666665,,,,,,HElU_-hb7Cc,
557,201.01333333333332,,,,,,31AxHeYEDxc,
558,174.8375,,,,,,Hd3oqvnDKQk,
559,294.24325,,,,,,XZyN6yY4n-k,
560,147.72245833333332,,,,,,QzZUFEsMb6U,
562,106.81470833333331,,,,,,Vh6Chrq80W4,
563,270.96,,,,,,ntkqwuxUC1o,
564,226.742875,,,,,,ZxNAuIWalzc,
565,300.1333333333333,,,,,,edYTjmh_uOk,
566,218.11020833333333,,,,,,wYoY40-W7bs,
567,274.44246875,,,,,,Cbx7vhaIxi0,
568,605.03,,,,,,VhRwTSRMTZA,
570,221.14666666666668,,,,,,GiU0afQ_ewM,
571,258.66979166666664,,,,,,BWs3fs9nnzc,
572,294.0395833333333,,,,,,SCJTK4cKlow,
573,256.891156462585,,,,,,zvR0XS_mrlU,
574,193.98530612244892,,,,,,3sZbKp7Jzgg,
575,192.02666666666667,,,,,,Z3w68Kt_iwY,
576,204.3333333333333,,,,,,7whwQCLZ5tU,
578,313.626125,,,,,,WIUAC03YMlA,
579,254.84,,,,,,7RJOiUfIA6Y,
580,275.278375,,,,,,A-Y9AYyD0iA,
581,381.570625,,,,,,qATvokvWKBg,
582,287.007375,,,,,,8H6YEpH0iII,
583,304.4571666666667,,,,,,,
584,256.026125,,,,,,dzIK_dsViLI,
586,140.8521875,,,,,,j7OxdZdIofo,
587,195.34365,,,,,,pCY7s6rNWWU,
588,313.9135,,,,,,o4Szbf4v61M,
589,202.7363125,,,,,,0uQCJ6PzRdA,
590,160.88815,,,,,,60OwtIio8LM,
591,237.79266666666663,,,,,,s5J9YZtw8aI,
592,122.82775,,,,,,HIe4u8nBfh0,
594,431.9868125,,,,,,l-FFN7Y4-nY,
595,156.5256875,,,,,,ywbgZ0MBKvM,
596,179.4612,,,,,,EE3Ms93Egrc,
597,156.5518125,,,,,,rMB_Ms_4WeU,
598,191.3730625,,,,,,LhXiZN9upK8,
599,361.0905625,,,,,,zZI0zO2TS1Y,
600,201.4302,,,,,,hWVqSdkiI5U,
602,185.52166666666668,,,,,,rUtBx3r-acE,
603,214.648125,,,,,,8bIVNESyNLA,
604,148.32325,,,,,,80l8HEZ5zFw,
605,127.34695,,,,,,h0pgCtF9Ea8,
606,162.19425,,,,,,PvnlyP9sfHU,
607,178.311875,,,,,,p5o6Qum2V_Y,
608,119.45795833333334,,,,,,J-mRtjTAigo,
610,249.399,,,,,,G3PznrYmWzc,
611,304.56165,,,,,,P-3bMig6jpk,
612,147.73333333333332,,,,,,6sxnXO2RjVg,
613,132.0,,,,,,rNkwKR04tPQ,
614,129.8808,,,,,,eFFgbc5Vcbw,
615,135.13333333333333,,,,,,1sv-vo3ptRo,
616,155.73333333333332,,,,,,f7QzxYAjgNc,
618,200.51591836734693,,,,,,COiIC3A0ROM,
619,167.9673125,,,,,,t3TBmE2NkWY,
620,177.684875,,,,,,tN7oG4Fg1PY,
621,271.8041,,,,,,p7EUZ5t4N88,
622,369.92,,,,,,yUqnTAEMsuk,
623,152.86855,,,,,,lnncO6iK4N4,
624,269.3485714285714,,,,,,uZD3z7hbDKs,
626,183.249,,,,,,tgUyDhwDFdU,
627,148.140375,,,,,,kHQiYI6Rj8o,
628,176.9796,,,,,,OHgFs4Oxuc4,
629,415.26855,,,,,,6jV8FWoaytM AjGLMcrWrS8,
630,331.6244897959184,,,,,,nWpP-_XoqHM ZYyLM7vLRfs,
631,231.52325,,,,,,LdR5_bqS8ok,
632,320.6008,,,,,,vADIa2ykZNc IcBduw4vCxY,
634,242.21266666666668,,,,,,DsCMWDwc7Kg,
635,185.91345,,,,,,lRm7j2UL3YY,
636,187.79429166666668,,,,,,EeTpLVrNmFo,
637,255.1641,,,,,,htwk10OZ2-w,
638,176.8750625,,,,,,XAFjEV-6eiY ZUYIxs1We9o EmQMZvds680 GIXdI9mfDas VvHFOfF2Xcs WhYWZ4Oa5eA g09INaI2nlc bCMm0ilSJ5A q81Rt1isA5c,
639,188.6301875,,,,,,ubDVUQon5BE,
640,219.0105625,,,,,,obtZXnA42VE,
642,229.4,,,,,,f4MRmEPNUxY,
643,208.9795625,,,,,,F3HITsh2vjE,
644,236.460375,,,,,,-_pwGMYEBTA,
645,161.5150625,,,,,,0u72XtsM6oU,
646,158.70666666666668,,,,,,d9UUCd7NtIY,
647,218.10666666666665,,,,,,Uqb02qUFtCg,
648,317.23104166666667,,,,,,pev0dINRaok,
650,224.86204166666667,,,,,,7jRxpgELtPw,
651,95.26858333333334,,,,,,7VJw2Hhsfkk,
652,143.88779166666666,,,,,,Uwsrk_Dhjgs,
653,133.773,,,,,,RFGo5cqcxP4,
654,409.8115419501134,,,,,,0-GbyvP5aFo,
655,230.191,,,,,,nnkyT0D31qI,
656,184.9992,,,,,,RDKyPNWHdCo qlWNdWRl37U bwV1hSpeLrM XnKq_RGg6mY 3mCW98Mi1Rc 7RXZZYnZqw8 ShZ6OjIOmcE I4AHjCkXTqE f0R2IuSwcLU P8sJ5QzpWr0,
658,264.1502083333333,,,,,,5anLPw0Efmo,
659,114.93875,,,,,,3tCHURxNCcc 7i_22PrQsp8 y-3F4Nc_ijo,
660,229.0155102040816,,,,,,IGL-ojxKkTo,
661,271.151,,,,,,Hjc_pSD8ZSs,
662,256.86205,,,,,,FPSb5QjgjAc,
663,365.33525,,,,,,wnskDRTzlkk,
664,257.33225,,,,,,F7SQpjhbcws,
666,61.7012,,,,,,fOZqFj4g66c,
667,188.3951,,,,,,O-ME8ArqoT4,
668,396.7232,,,,,,QrWK5XWuGpk,
669,152.5811875,,,,,,H42Ou13za30,
670,359.2359,,,,,,byQKvmvu-II,
671,245.36815,,,,,,PEzhRyEQ7-c,
672,258.0,,,,,,oJyc9uAlzxs,
674,231.549375,,,,,,jdb_3H-28dE,
675,182.0211875,,,,,,0W0fzsJMzAM,
676,233.82,,,,,,H315jc_iHcI,
677,397.190125,,,,,,OhT0g9jULpw YT516h7QwA4,
678,592.0653,,,,,,dpmAY059TTY,
679,26.566541666666666,,,,,,x9kOZ5PxN04,
680,1406.8,,,,,,-nSd72qXJr8 DXzSVT0oG7U KgznCkXc_84 6BHLF1a8BPY dus_M4sn0_I uLp2eMvOzEM lb13ynu3Iac XK_byp4wo3g x39eRJA1aVU o15FVoQHNF8,
682,181.31591666666668,,,,,,98lRKph9OMA,
683,270.53333333333336,,,,,,Qy4yXNWWruI,
684,183.37958333333333,,,,,,SRwrg0db_zY F4LYes4fH4Y,
685,291.89225,,,,,,Aqe0jodb280,
686,263.8105625,,,,,,6-LUuAn5Obc,
687,270.9159375,,,,,,E0E0ynyIUsg,
688,212.35470833333332,,,,,,kl1hgXfX5-U,
690,69.6504375,,,,,,NLN1M5Zp-ws,
691,252.70666666666668,,,,,,wyLXrWwpsXQ,
692,296.1555,,,,,,vy1V5LHXWbg,
693,208.94666666666663,,,,,,j_5S_smnPGY,
694,167.7061,,,,,,J9vyS8gKEJw 4jKix2DFlnA,
695,391.692,,,,,,ZXgnpFz1HUk,
696,238.4979583333333,,,,,,0vqgdSsfqPs,
698,216.01295,,,,,,cKnXJfGAd8A,
699,218.4178125,,,,,,RoZxYbApSFk aisO0j9U5MM,
700,276.453875,,,,,,cwF_PRpy6yI,
701,297.4266666666667,,,,,,_HfF-CFCq7Q,
702,209.04,,,,,,rXKez6O5hno,
703,320.91429166666666,,,,,,7Gx1Pv02w3Q,
704,265.0905625,,,,,,XyNYrmmdUd4,
706,320.4963333333333,,,,,,2Nppf6SZB1c,
707,171.7945,,,,,,cqM2w7tC_x0,
708,333.50525,,,,,,nW9Cu6GYqxo,
709,55.46666666666667,,,,,,,
710,6.293333333333332,,,,,,,
711,4.733333333333333,,,,,,,
712,21.603275,,,,,,NdgrQoZHnNY n8AcUaWvg00,
714,16.300416666666667,,,,,,lQ6akiGRcL8 MmkPIBwS8eQ RCYGNtyktlg kZ6h0kyqSRk C5VkTcmQxD8 AK_jm3Hz1Wk LIjLSoDCpb8 DI-7bx8Zyx0 YUvHBirr1PI -k2q31pWZzg,
715,105.30666666666669,,,,,,,
716,17.214708333333334,,,,,,XegemafQ1Is,
717,11.533333333333333,,,,,,,
718,52.13333333333333,,,,,,,
719,14.942041666666665,,,,,,i3EF63p3v-I psuRGfAaju4 BuMwlBrgBuY OoK8C5TPJIQ CVfjHpQY7iY kQ6cNMR15tw hX6vE8KgnFk T7BFcntX7a4 9xsDmtPK_48 LfRNRymrv9k,
720,18.466666666666665,,,,,,,
722,74.449,,,,,,tBcFPlkkMO8,
723,62.56,,,,,,,
724,5.04,,,,,,,
725,109.63591666666666,,,,,,,
726,242.5992083333333,,,,,,PZ-Q5AiARIU,
727,328.391125,,,,,,rqb63q8hC8w,
728,348.68245,,,,,,ibXWZJcTpes,
730,175.04654166666663,,,,,,mrrQT4WkbNE,
731,163.63104166666668,,,,,,YgE5qwkHduo,
732,293.6685625,,,,,,_xCyEjmEq6A,
733,178.319875,,,,,,6PNpP6owiJs,
734,337.1363125,,,,,,k3gvdItza3Y,
735,135.11836734693878,,,,,,,
736,64.83591666666666,,,,,,,
738,82.0245,,,,,,,
739,69.04166666666667,,,,,,_DE1bgrCYT4,
740,92.05554166666668,,,,,,i9vYKjFCDV8,
741,147.04329166666668,,,,,,,
742,135.13145833333334,,,,,,q_eZTdmNVfk,
743,747.23265,,,,,,,
744,160.1006,,,,,,KoUGH7nS5F0,
746,587.94435,,,,,,c71v_3cNXgs,
747,233.42666666666668,,,,,,nzZ8LrqMvB0,
748,345.5933,,,,,,Ypusz56Y_mc,
749,281.9615,,,,,,I7kqV84pvCM,
750,425.0645,,,,,,bm5AkDbuqII,
751,213.44653061224489,,,,,,wvv-c7KeFCw,
752,301.62666666666667,,,,,,gMRNoW_L5NY,
754,213.63470833333332,,,,,,Tg66IYsZJwQ,
755,301.8236,,,,,,YUU8uLAindA,
756,51.3045,,,,,,,
757,196.80655,,,,,,NUvAvczmpaA,
758,197.5640833333333,,,,,,XDwIVo2LIaM,
759,244.1733333333333,,,,,,lGCmmiwVuNM,
760,272.14365,,,,,,CyVcCQs7vPg,
762,373.23758333333336,,,,,,rGp17p_Du3w,
763,256.3657,,,,,,7TvQx067gtU,
764,40.986125,,,,,,,
765,275.06941666666665,,,,,,xVjuRaW8xa8,
766,136.071875,,,,,,,
767,232.43758333333332,,,,,,Cogw9dlwPgg,
768,264.43755,,,,,,lYyR7pIXMVk,
770,245.0445625,,,,,,8W3jC4T9TWo,
771,196.98666666666668,,,,,,,
772,289.884025,,,,,,bH3j3-GteAY,
773,123.50666666666666,,,,,,P2AGIDIaMOA,
774,226.8933333333333,,,,,,eW0TZ3CrnOY,
775,210.42666666666668,,,,,,nMrNYCguPdc,
776,193.70666666666668,,,,,,7QyywLf00g0,
778,231.13333333333333,,,,,,,
779,196.97333333333333,,,,,,,
780,268.2933333333333,,,,,,21tPRnZcUNg,
781,185.6133333333333,,,,,,trn1f-IDfro,
782,186.72325,,,,,,PMigXnXMhQ4,
783,221.946125,,,,,,fZR3ZfesIIw,
784,201.5869387755102,,,,,,RixHMMTM0dQ,
786,146.7479375,,,,,,GJW19nlzb3Q,
787,160.46666666666667,,,,,,2aDqxS-j9QQ,
788,175.90855,,,,,,QU_8-uyKnzU,
789,214.792,,,,,,DquA6KyHTos,
790,180.506125,,,,,,1yDN-mQmqaI,
791,227.13470833333332,,,,,,8syDsF3IxEA,
792,191.84325,,,,,,hWuSTsxENeQ,
794,89.20815,,,,,,8Pnxe_6HL8w,
795,220.6951875,,,,,,vUQRq16eG4s,
796,127.45145,,,,,,w7S4pKog2RA,
797,175.43835,,,,,,OQmjdYTFvJw,
798,200.88166666666663,,,,,,,
799,202.63185,,,,,,Vf464UZrMLE,
800,224.653,,,,,,VeXrxSdHXa4,
802,249.8611875,,,,,,KiygLeYdjsI,
803,122.32,,,,,,to5pOGxoTXw,
804,77.79265,,,,,,,
805,214.4653,,,,,,hqaR2op-z3U,
806,276.37333333333333,,,,,,61klageOn-4,
807,196.728125,,,,,,xN2UpPqCcSk,
808,170.6579375,,,,,,KEG9DmQvw7c,
810,238.86666666666667,,,,,,XzQSNJBozNY,
811,284.0294,,,,,,ovPwUihaVdE,
812,268.512625,,,,,,82vTpMHyLBA,
813,159.95575,,,,,,bBA1D1T6FM4,
814,275.35675,,,,,,hQS-0Ft0qpU,
815,463.33391666666665,,,,,,qqkMbulVTbI,
816,145.34525,,,,,,eEhzp7Y1fcQ,
818,397.32245833333326,,,,,,19VERhSvRtc,
819,445.9102083333333,,,,,,XZHF6SDWtU8,
820,204.564875,,,,,,MqplG1AhRq4,
821,183.95425,,,,,,7BuAGPv4G84,
822,234.8930625,,,,,,wBkdz00dUZs,
823,164.0228125,,,,,,d6HdOJu-LMo,
824,176.64,,,,,,5V_WWsTYlK8,
826,255.2,,,,,,hvqQGTA34eQ,
827,341.49875,,,,,,,
828,196.9333333333333,,,,,,ppT7JaGozmw,
829,172.8,,,,,,kc_fKo0Ru3I,
830,321.22775,,,,,,,
831,176.16,,,,,,gVIOWkk3c0E,
832,112.6661,,,,,,,
834,170.449,,,,,,,
835,131.76165,,,,,,Df3H2DvWi-g,
836,142.47185,,,,,,,
837,236.6955,,,,,,7fkMH97SmoA,
838,213.13305,,,,,,7sOWSPi7K8E,
839,232.51591666666667,,,,,,zC93vxw06JY,
840,286.53715,,,,,,,
842,100.3101875,,,,,,sJEkBu-TVfM,
843,238.94204166666665,,,,,,lsRre2LuQYI,
844,228.127375,,,,,,7yjbxX31QLY,
845,215.87591666666665,,,,,,EKQYo-F8lkk,
846,255.7649,,,,,,,
847,209.998375,,,,,,pfQAEOAOqJE,
848,226.9518125,,,,,,,
850,305.998375,,,,,,dqOo5gAAPWI,
851,256.75758333333334,,,,,,9f21woOt9GE,
852,434.860375,,,,,,O6LhN_4BSr0,
853,223.3208125,,,,,,OMnVKzksvVU,
854,72.58666666666667,,,,,,ML9cmj_nVW8,
855,190.61553125,,,,,,ZmKrD39Q79w,
856,390.00816666666674,,,,,,,
858,314.25305,,,,,,MDh5LfFSPxI,
859,535.3273125,,,,,,RB5k8YzGhDQ,
860,316.8391875,,,,,,2f4U-EA2uuI,
861,313.2343,,,,,,GKRRnCbP2Bo,
862,611.5265306122449,,,,,,,
863,630.3869583333334,,,,,,,
864,237.6098333333333,,,,,,ChrmO2cF6FE,
866,197.511875,,,,,,T-A_FpNd2lM,
867,146.4685625,,,,,,i-U3TrMR1bc,
868,272.8228125,,,,,,,
869,171.075875,,,,,,00PheZ45Kj4,
870,117.39425,,,,,,lCPrKAQwS5k,
871,144.613875,,,,,,ORJoAdaMHRI,
872,39.8366875,,,,,,,
874,217.8873125,,,,,,Tg66IYsZJwQ,
875,177.71099999999996,,,,,,2UBSSU5AY58,
876,203.25875,,,,,,8nHwILs8bdo,
877,433.92,,,,,,P-z2jK5Y8JA,
878,1728.2612,,,,,,,
879,516.4408125,,,,,,_Oa-CBBASZw,
880,326.5045,,,,,,Awz8izNv6As,
882,381.6750625,,,,,,BQQ0kFnkcA4,
883,408.71825,,,,,,K5qqm4rlm8M,
884,400.35266666666666,,,,,,,
885,355.7355,,,,,,TM1M9x271Fw,
886,589.81875,,,,,,,
887,278.7265,,,,,,u5OyNA5kJrs,
888,789.0546875,,,,,,,
890,355.16083333333336,,,,,,lk-E0VbgxkU,
891,292.6237083333333,,,,,,0NRJ3IbO5ZM,
892,349.15265,,,,,,,
893,225.888875,,,,,,SfwClbIp9Zg,
894,234.60575,,,,,,5j3esJyjgCw,
895,419.36983333333336,,,,,,I3NXApQe-c8,
896,194.9518125,,,,,,Fw9QlgF_dzU,
898,387.60491666666667,,,,,,7tiZSMKyKO4,
899,112.4,,,,,,_oLFctocYnk,
900,215.249,,,,,,z5Ndq_tVnGA,
901,151.56245,,,,,,cMPlMKDA04I,
902,128.80975,,,,,,exfQGY--lL0,
903,303.43835,,,,,,,
904,173.6359,,,,,,xypmAwADnd4,
906,305.76325,,,,,,TpLsSNIQ0qU,
907,289.3845,,,,,,ZPYgzWLSSxU,
908,137.01225,,,,,,8NGpOEQDtwo,
909,294.635125,,,,,,gBcKAU_L7XE,
910,196.25795833333333,,,,,,oPE8m_Xt6yg,
911,82.703625,,,,,,m5I_7nVDnTM,
912,189.5183125,,,,,,JUaBPGCuHU0,
914,305.7894,,,,,,t2WG15hkH8M,
915,250.30533333333332,,,,,,3AnlTcarzUs,
916,100.51920833333334,,,,,,,
917,72.071875,,,,,,,
918,197.5640833333333,,,,,,wKn2WpvywMg,
919,58.56654166666666,,,,,,-RngRJDDEPk,
920,355.57879166666675,,,,,,2GZLdgzO2lo,
922,217.57391666666663,,,,,,,
923,124.05554166666668,,,,,,kuGk_o02gDo,
924,97.567375,,,,,,OM1Ul_oLD0A,
925,164.075125,,,,,,zbioGFjlybE,
926,105.0645,,,,,,,
927,209.29308333333333,,,,,,NeyAAd526qc,
928,198.582875,,,,,,yKoctZDgLG0,
930,470.0211875,,,,,,NNhe9NUSZ94,
931,278.0735,,,,,,IdXqy2PhMQE,
932,1149.8318125,,,,,,,
933,467.8008333333333,,,,,,WdiQCHLd51Y,
934,475.0366875,,,,,,uAod7jdjXAo,
935,587.1020416666668,,,,,,zXkxDsrErH0,
936,210.8081632653061,,,,,,1CifcnZGIoE,
938,214.46533333333332,,,,,,NFnbpqs7JuI,
939,363.41554166666674,,,,,,kQ5qkV7hJZQ,
940,419.500375,,,,,,VTPec8z5vdY,
941,251.4547083333333,,,,,,0yP7wn9lZ7o,
942,191.0596,,,,,,QiKJ8jzeC3k,
943,115.3305625,,,,,,Eiva-FLAkhQ,
944,240.0653,,,,,,1QkKcctcH7E,
946,153.07755,,,,,,ReZ8-OpYogI,
947,129.56735,,,,,,,
948,372.06205,,,,,,,
949,253.96245,,,,,,I1XlB9Yg_Io,
950,322.06365,,,,,,UnJEH8AfYeM,
951,171.1804,,,,,,ZEAsggx8etg,
952,122.0702,,,,,,,
954,158.06695,,,,,,FtRX-_gv8tM,
955,266.41333333333336,,,,,,,
956,320.09213151927435,,,,,,,
957,290.1565532879818,,,,,,,
958,344.0,,,,,,,
959,674.3074829931973,,,,,,,
960,293.6859863945578,,,,,,,
962,579.72,,,,,,,
963,246.25628117913828,,,,,,,
964,161.52517006802722,,,,,,,
965,582.5422222222222,,,,,,,
966,557.7338775510203,,,,,,,
967,622.91590625,,,,,,,
968,377.9333333333333,,,,,,,
970,132.6,,,,,,,
971,306.6891609977324,,,,,,,
972,210.15573696145125,,,,,,,
973,454.7395918367347,,,,,,,
974,217.18666666666667,,,,,,,
975,457.33333333333326,,,,,,,
976,244.16,,,,,,,
978,697.4133333333333,,,,,,,
979,158.68,,,,,,,
980,253.19038548752843,,,,,,,
981,163.64900226757368,,,,,,,
982,376.54666666666674,,,,,,,
983,377.02666666666664,,,,,,,
984,463.4,,,,,,,
986,556.9073922902494,,,,,,,
987,103.69333333333331,,,,,,,
988,407.4,,,,,,,
989,333.6243083900227,,,,,,,
990,196.69333333333333,,,,,,,
991,352.2933333333333,,,,,,,
992,261.154125,,,,,,,
994,248.9179138321996,,,,,,,
995,586.6289342403628,,,,,,,
996,217.13333333333333,,,,,,,
997,484.42666666666673,,,,,,,
998,471.36,,,,,,,
999,660.2630158730159,,,,,,,
1000,399.4,,,,,,,
1002,407.92816326530607,,,,,,,
1003,303.74666666666667,,,,,,,
1004,288.0,,,,,,,
1005,233.30666666666667,,,,,,,
1006,258.02013605442176,,,,,,,
1007,173.6266666666667,,,,,,,
1008,419.8929931972789,,,,,,,
1010,183.0940362811792,,,,,,,
1011,375.62877551020415,,,,,,,
1012,253.96,,,,,,,
1013,453.43927437641725,,,,,,,
1014,297.92,,,,,,,
1015,201.92,,,,,,,
1016,345.94133333333326,,,,,,,
1018,247.09333333333333,,,,,,,
1019,257.1533333333333,,,,,,,
1020,199.505850340136,,,,,,,
1021,664.1484353741498,,,,,,,
1022,224.95492063492063,,,,,,,
1023,231.53725,,,,,,,
1024,214.18086167800453,,,,,,,
1026,343.5466666666667,,,,,,,
1027,287.8933333333333,,,,,,,
1028,479.81714285714287,,,,,,,
1029,456.58666666666664,,,,,,,
1030,320.09213151927435,,,,,,,
1031,402.6305,,,,,,,
1032,152.9248125,,,,,,,
1034,432.47151927437636,,,,,,,
1035,282.48,,,,,,,
1036,199.28,,,,,,,
1037,551.5866666666667,,,,,,,
1038,354.98666666666674,,,,,,,
1039,210.140589569161,,,,,,,
1040,600.56,,,,,,,
1042,271.0,,,,,,,
1043,355.56,,,,,,,
1044,427.13333333333327,,,,,,,
1045,304.46666666666664,,,,,,,
1046,383.9651700680272,,,,,,,
1047,201.1776870748299,,,,,,,
1048,268.23691609977317,,,,,,,
1050,273.9954648526077,,,,,,,
1051,520.0666666666667,,,,,,,
1052,344.4222675736962,,,,,,,
1053,496.34975056689336,,,,,,,
1054,179.45333333333335,,,,,,,
1055,318.41333333333336,,,,,,,
1056,455.32,,,,,,,
1058,420.4933333333333,,,,,,,
1059,375.23446712018136,,,,,,,
1060,384.04,,,,,,,
1061,385.18666666666667,,,,,,,
1062,565.3086394557822,,,,,,,
1063,298.05333333333334,,,,,,,
1064,301.6533333333333,,,,,,,
1066,557.9733333333334,,,,,,,
1067,236.7710884353741,,,,,,,
1068,409.8,,,,,,,
1069,236.4720181405896,,,,,,,
1070,234.55102040816325,,,,,,,
1071,338.0933333333333,,,,,,,
1072,444.50666666666666,,,,,,,
1074,243.3451247165533,,,,,,,
1075,225.311179138322,,,,,,,
1076,236.18666666666667,,,,,,,
1077,412.20063492063485,,,,,,,
1078,177.12,,,,,,,
1079,344.76988662131515,,,,,,,
1080,192.81850340136054,,,,,,,
1082,471.86666666666673,,,,,,,
1083,311.5466666666667,,,,,,,
1084,470.3733333333333,,,,,,,
1085,476.8130612244897,,,,,,,
1086,185.1733333333333,,,,,,,
1087,626.6,,,,,,,
1088,485.38993197278916,,,,,,,
1090,459.0884375,,,,,,,
1091,362.7885714285714,,,,,,,
1092,211.46400000000003,,,,,,,
1093,294.61333333333334,,,,,,,
1094,219.3821315192744,,,,,,,
1095,343.48800000000006,,,,,,,
1096,249.6609523809524,,,,,,,
1098,324.52,,,,,,,
1099,297.04,,,,,,,
1100,353.87210884353743,,,,,,,
1101,315.97714285714284,,,,,,,
1102,283.09768707482993,,,,,,,
1103,364.80002267573684,,,,,,,
1104,709.9105668934241,,,,,,,
1106,182.6481632653061,,,,,,,
1107,362.417052154195,,,,,,,
1108,224.98666666666668,,,,,,,
1109,387.8168027210885,,,,,,,
1110,266.4266666666667,,,,,,,
1111,326.94666666666666,,,,,,,
1112,713.7866666666665,,,,,,,
1114,327.02666666666664,,,,,,,
1115,260.02666666666664,,,,,,,
1116,287.9616553287982,,,,,,,
1117,324.6132426303855,,,,,,,
1118,419.25950113378684,,,,,,,
1119,286.9944444444445,,,,,,,
1120,266.23863945578233,,,,,,,
1122,294.80054421768705,,,,,,,
1123,389.7237188208617,,,,,,,
1124,354.98666666666674,,,,,,,
1125,249.3855,,,,,,,
1126,347.03673469387763,,,,,,,
1127,652.3878458049886,,,,,,,
1128,505.2768707482994,,,,,,,
1130,477.95954648526083,,,,,,,
1131,548.6266666666667,,,,,,,
1132,232.02666666666667,,,,,,,
1133,688.7466666666667,,,,,,,
1134,255.7692063492064,,,,,,,
1135,306.1318820861678,,,,,,,
1136,171.48,,,,,,,
1138,586.9226666666667,,,,,,,
1139,237.32,,,,,,,
1140,427.99020408163284,,,,,,,
1141,708.5979365079365,,,,,,,
1142,266.5733333333333,,,,,,,
1143,431.88,,,,,,,
1144,272.49333333333334,,,,,,,
1146,395.9066666666667,,,,,,,
1147,255.37306122448987,,,,,,,
1148,437.0924263038549,,,,,,,
1149,273.37333333333333,,,,,,,
1150,457.18666666666667,,,,,,,
1151,600.8931666666666,,,,,,,
1152,394.64,,,,,,,
1154,235.54321995464846,,,,,,,
1155,538.1066666666667,,,,,,,
1156,187.4933333333333,,,,,,,
1157,295.4971428571429,,,,,,,
1158,362.6028117913832,,,,,,,
1159,221.70412698412704,,,,,,,
1160,209.45832199546487,,,,,,,
1162,470.86666666666673,,,,,,,
1163,318.73333333333335,,,,,,,
1164,502.2533333333333,,,,,,,
1165,145.5,,,,,,,
1166,246.5959183673469,,,,,,,
1167,85.6584126984127,,,,,,,
1168,465.54666666666674,,,,,,,
1170,399.1974603174604,,,,,,,
1171,140.10666666666665,,,,,,,
1172,320.94666666666666,,,,,,,
1173,474.44,,,,,,,
1174,318.02666666666664,,,,,,,
1175,627.0666666666667,,,,,,,
1176,472.70666666666665,,,,,,,
1178,714.9888435374147,,,,,,,
1179,612.4495238095237,,,,,,,
1180,157.1526530612245,,,,,,,
1181,105.51147392290251,,,,,,,
1182,177.214693877551,,,,,,,
1183,213.4533333333333,,,,,,,
1184,476.0,,,,,,,
1186,198.0,,,,,,,
1187,227.08,,,,,,,
1188,371.84,,,,,,,
1189,368.46585034013606,,,,,,,
1190,437.36,,,,,,,
1191,225.26,,,,,,,
1192,279.58374149659863,,,,,,,
1194,427.0,,,,,,,
1195,271.9949375,,,,,,,
1196,265.9066666666667,,,,,,,
1197,379.58666666666664,,,,,,,
1198,550.2200453514738,,,,,,,
1199,241.6732879818594,,,,,,,
1200,246.4,,,,,,,
1202,269.7229931972789,,,,,,,
1203,405.141768707483,,,,,,,
1204,647.76,,,,,,,
1205,277.18666666666667,,,,,,,
1206,202.4533333333333,,,,,,,
1207,230.3333333333333,,,,,,,
1208,329.2307029478458,,,,,,,
1210,140.89333333333337,,,,,,,
1211,182.32,,,,,,,
1212,655.36,,,,,,,
1213,317.52,,,,,,,
1214,317.27746031746034,,,,,,,
1215,357.376,,,,,,,
1216,216.78149659863945,,,,,,,
1218,356.79664399092974,,,,,,,
1219,299.94666666666666,,,,,,,
1220,239.6533333333333,,,,,,,
1221,303.0133333333333,,,,,,,
1222,321.6533333333333,,,,,,,
1223,281.3466666666667,,,,,,,
1224,281.05433106575964,,,,,,,
1226,163.06666666666666,,,,,,,
1227,483.2914285714286,,,,,,,
1228,289.27217687074835,,,,,,,
1229,276.2245804988662,,,,,,,
1230,374.36,,,,,,,
1231,371.333514739229,,,,,,,
1232,517.1066666666667,,,,,,,
1234,205.16,,,,,,,
1235,162.91120181405898,,,,,,,
1236,303.3333333333333,,,,,,,
1237,113.44,,,,,,,
1238,175.44533333333337,,,,,,,
1239,319.32081632653063,,,,,,,
1240,209.73333333333332,,,,,,,
1242,328.3232426303855,,,,,,,
1243,491.7057596371882,,,,,,,
1244,238.14385487528344,,,,,,,
1245,167.0530612244898,,,,,,,
1246,367.6763718820862,,,,,,,
1247,343.08,,,,,,,
1248,311.28206349206346,,,,,,,
1250,192.3339909297052,,,,,,,
1251,315.48,,,,,,,
1252,297.95845804988664,,,,,,,
1253,324.25795918367345,,,,,,,
1254,537.9599092970521,,,,,,,
1255,312.1146485260772,,,,,,,
1256,107.261,,,,,,,
1258,343.2033560090703,,,,,,,
1259,333.6243083900227,,,,,,,
1260,521.52,,,,,,,
1261,264.9866666666667,,,,,,,
1262,365.6133333333333,,,,,,,
1263,407.44,,,,,,,
1264,500.0,,,,,,,
1266,376.54666666666674,,,,,,,
1267,90.41333333333333,,,,,,,
1268,298.50666666666666,,,,,,,
1269,458.50666666666666,,,,,,,
1270,199.6688888888889,,,,,,,
1271,199.5037641723356,,,,,,,
1272,175.94666666666663,,,,,,,
1274,280.7219375,,,,,,,
1275,233.57333333333332,,,,,,,
1276,484.26666666666665,,,,,,,
1277,512.1393197278911,,,,,,,
1278,350.3466666666667,,,,,,,
1279,320.0,,,,,,,
1280,404.7702494331066,,,,,,,
1282,384.6,,,,,,,
1283,311.06666666666666,,,,,,,
1284,353.0933333333333,,,,,,,
1285,277.62666666666667,,,,,,,
1286,681.4582993197279,,,,,,,
1287,678.7134693877551,,,,,,,
1288,307.26666666666665,,,,,,,
1290,343.70666666666665,,,,,,,
1291,118.6,,,,,,,
1292,682.44,,,,,,,
1293,306.25333333333333,,,,,,,
1294,281.6,,,,,,,
1295,105.61333333333332,,,,,,,
1296,266.96045351473924,,,,,,,
1298,348.68,,,,,,,
1299,355.0,,,,,,,
1300,599.6666666666666,,,,,,,
1301,262.7733333333333,,,,,,,
1302,356.69913832199546,,,,,,,
1303,223.4688435374149,,,,,,,
1304,251.61142857142858,,,,,,,
1306,361.10666666666674,,,,,,,
1307,435.97333333333336,,,,,,,
1308,331.76671201814065,,,,,,,
1309,714.060045351474,,,,,,,
1310,403.4,,,,,,,
1311,481.3032199546485,,,,,,,
1312,592.9447619047619,,,,,,,
1314,192.58893424036282,,,,,,,
1315,211.90666666666667,,,,,,,
1316,250.38666666666663,,,,,,,
1317,447.85333333333335,,,,,,,
1318,201.81333333333333,,,,,,,
1319,289.5992743764172,,,,,,,
1320,289.5466666666667,,,,,,,
1322,393.8104308390023,,,,,,,
1323,199.73333333333332,,,,,,,
1324,373.36,,,,,,,
1325,365.22666666666674,,,,,,,
1326,303.8,,,,,,,
1327,315.0628571428571,,,,,,,
1328,215.98956916099775,,,,,,,
1330,179.76,,,,,,,
1331,400.1262585034014,,,,,,,
1332,270.4660317460318,,,,,,,
1333,403.8414512471656,,,,,,,
1334,322.03916099773244,,,,,,,
1335,223.14666666666668,,,,,,,
1336,489.92,,,,,,,
1338,279.56,,,,,,,
1339,229.58666666666667,,,,,,,
1340,283.7733333333333,,,,,,,
1341,503.4086167800454,,,,,,,
1342,280.84,,,,,,,
1343,459.3131666666668,,,,,,,
1344,306.0244897959184,,,,,,,
1346,615.3733333333333,,,,,,,
1347,159.42705215419502,,,,,,,
1348,215.06666666666663,,,,,,,
1349,335.7866666666667,,,,,,,
1350,204.34666666666664,,,,,,,
1351,459.88,,,,,,,
1352,368.9186394557824,,,,,,,
1354,502.69333333333327,,,,,,,
1355,464.4933333333333,,,,,,,
1356,294.80054421768705,,,,,,,
1357,473.72,,,,,,,
1358,157.8,,,,,,,
1359,94.57333333333334,,,,,,,
1360,351.57333333333327,,,,,,,
1362,239.93158730158729,,,,,,,
1363,344.58412698412695,,,,,,,
1364,438.16,,,,,,,
1365,228.38666666666663,,,,,,,
1366,652.1866666666666,,,,,,,
1367,344.13333333333327,,,,,,,
1368,415.54430839002265,,,,,,,
1370,240.93024943310658,,,,,,,
1371,246.98666666666668,,,,,,,
1372,327.2156009070294,,,,,,,
1373,350.34267573696144,,,,,,,
1374,181.75603174603168,,,,,,,
1375,357.07646258503405,,,,,,,
1376,92.87981859410431,,,,,,,
1378,394.7392290249433,,,,,,,
1379,446.57333333333327,,,,,,,
1380,256.06666666666666,,,,,,,
1381,547.9909297052154,,,,,,,
1382,165.51183673469387,,,,,,,
1383,503.4318367346939,,,,,,,
1384,355.96,,,,,,,
1386,531.6266666666667,,,,,,,
1387,433.3772335600907,,,,,,,
1388,510.8390022675737,,,,,,,
1389,210.99316666666667,,,,,,,
1390,288.0,,,,,,,
1391,230.2,,,,,,,
1392,325.16,,,,,,,
1394,264.88,,,,,,,
1395,280.68281179138324,,,,,,,
1396,298.60024943310657,,,,,,,
1397,375.76,,,,,,,
1398,198.94857142857143,,,,,,,
1399,179.44380952380953,,,,,,,
1400,334.28,,,,,,,
1402,677.2500453514739,,,,,,,
1403,289.5992743764172,,,,,,,
1404,251.73333333333332,,,,,,,
1405,223.14666666666668,,,,,,,
1406,169.94852607709748,,,,,,,
1407,347.9333333333333,,,,,,,
1408,161.07485260770974,,,,,,,
1410,408.1110204081632,,,,,,,
1411,221.64897959183673,,,,,,,
1412,248.0,,,,,,,
1413,452.3624489795918,,,,,,,
1414,240.49370833333333,,,,,,,
1415,250.4039909297052,,,,,,,
1416,448.79528344671206,,,,,,,
1418,227.5555555555556,,,,,,,
1419,192.0,,,,,,,
1420,224.78553287981862,,,,,,,
1421,624.2933333333333,,,,,,,
1422,218.22666666666663,,,,,,,
1423,390.9240589569161,,,,,,,
1424,249.04,,,,,,,
1426,113.2,,,,,,,
1427,317.0,,,,,,,
1428,399.75473922902495,,,,,,,
1429,209.4933333333333,,,,,,,
1430,228.18133333333333,,,,,,,
1431,229.58666666666667,,,,,,,
1432,363.7173696145125,,,,,,,
1434,98.824126984127,,,,,,,
1435,237.0292970521542,,,,,,,
1436,707.4266666666666,,,,,,,
1437,223.41333333333333,,,,,,,
1438,417.4019047619049,,,,,,,
1439,248.09333333333333,,,,,,,
1440,509.88,,,,,,,
1442,305.96,,,,,,,
1443,217.5245351473923,,,,,,,
1444,123.71591836734692,,,,,,,
1445,107.96408163265306,,,,,,,
1446,172.38494331065758,,,,,,,
1447,456.6900680272108,,,,,,,
1448,204.02666666666667,,,,,,,
1450,355.9333333333333,,,,,,,
1451,140.17333333333335,,,,,,,
1452,286.18666666666667,,,,,,,
1453,560.8666666666667,,,,,,,
1454,220.53333333333333,,,,,,,
1455,663.8,,,,,,,
1456,252.04,,,,,,,
1458,374.56,,,,,,,
1459,243.70666666666668,,,,,,,
1460,364.26666666666665,,,,,,,
1461,402.3553741496598,,,,,,,
1462,496.43102040816325,,,,,,,
1463,656.4,,,,,,,
1464,261.28,,,,,,,
1466,162.93333333333334,,,,,,,
1467,355.7466666666667,,,,,,,
1468,274.08,,,,,,,
1469,219.10589569161,,,,,,,
1470,307.8933333333333,,,,,,,
1471,336.04266666666666,,,,,,,
1472,317.09170068027214,,,,,,,
1474,143.0349206349206,,,,,,,
1475,532.56,,,,,,,
1476,328.05151927437635,,,,,,,
1477,211.4533333333333,,,,,,,
1478,440.94496598639455,,,,,,,
1479,529.9066666666666,,,,,,,
1480,334.92462585034014,,,,,,,
1482,574.56,,,,,,,
1483,574.52,,,,,,,
1484,540.92,,,,,,,
1485,315.23410430839004,,,,,,,
1486,102.45333333333332,,,,,,,
1487,462.97333333333336,,,,,,,
1488,323.53333333333336,,,,,,,
1490,351.75625850340134,,,,,,,
1491,160.36,,,,,,,
1492,373.2133333333333,,,,,,,
1493,97.30666666666669,,,,,,,
1494,302.6666666666667,,,,,,,
1495,328.64,,,,,,,
1496,254.56,,,,,,,
1498,224.95492063492063,,,,,,,
1499,435.7466666666666,,,,,,,
1500,592.7733333333333,,,,,,,
1501,606.44,,,,,,,
1502,600.2666666666668,,,,,,,
1503,601.56,,,,,,,
1504,255.0,,,,,,,
1506,397.7466666666666,,,,,,,
1507,545.92,,,,,,,
1508,297.0933333333333,,,,,,,
1509,462.24,,,,,,,
1510,145.28,,,,,,,
1511,590.24,,,,,,,
1512,242.90666666666667,,,,,,,
1514,405.38666666666666,,,,,,,
1515,309.1333333333333,,,,,,,
1516,212.06666666666663,,,,,,,
1517,77.58666666666667,,,,,,,
1518,404.0,,,,,,,
1519,306.38666666666666,,,,,,,
1520,151.81333333333333,,,,,,,
1522,63.86666666666667,,,,,,,
1523,169.64,,,,,,,
1524,188.70666666666668,,,,,,,
1525,226.3333333333333,,,,,,,
1526,266.46666666666664,,,,,,,
1527,131.58666666666667,,,,,,,
1528,305.76,,,,,,,
1530,229.32,,,,,,,
1531,258.58666666666664,,,,,,,
1532,206.29333333333332,,,,,,,
1533,232.44,,,,,,,
1534,304.3333333333333,,,,,,,
1535,222.72,,,,,,,
1536,191.90666666666667,,,,,,,
1538,187.0,,,,,,,
1539,162.69333333333333,,,,,,,
1540,276.92,,,,,,,
1541,244.13333333333333,,,,,,,
1542,204.6266666666667,,,,,,,
1543,166.26666666666668,,,,,,,
1544,231.64,,,,,,,
1546,156.72,,,,,,,
1547,237.4933333333333,,,,,,,
1548,193.96,,,,,,,
1549,258.8,,,,,,,
1550,219.68,,,,,,,
1551,225.73333333333332,,,,,,,
1552,259.84,,,,,,,
1554,173.52,,,,,,,
1555,266.06666666666666,,,,,,,
1556,230.08,,,,,,,
1557,279.0133333333333,,,,,,,
1558,270.08,,,,,,,
1559,216.34666666666664,,,,,,,
1560,218.3333333333333,,,,,,,
1562,341.3066666666667,,,,,,,
1563,217.01333333333332,,,,,,,
1564,309.2,,,,,,,
1565,253.66666666666663,,,,,,,
1566,352.9333333333333,,,,,,,
1567,234.01333333333332,,,,,,,
1568,461.2133333333333,,,,,,,
1570,242.50666666666663,,,,,,,
1571,206.57333333333332,,,,,,,
1572,215.69333333333333,,,,,,,
1573,219.09333333333333,,,,,,,
1574,234.94666666666663,,,,,,,
1575,289.04,,,,,,,
1576,250.14666666666668,,,,,,,
1578,250.98666666666668,,,,,,,
1579,287.0133333333333,,,,,,4V0KWFb1cZQ,
1580,316.25333333333333,,,,,,4V0KWFb1cZQ,
1581,288.8533333333333,,,,,,4ArLG8KuCd0,
1582,246.08,,,,,,VjtRj8Q0UDM,
1583,367.36,,,,,,,
1584,225.4533333333333,,,,,,,
1586,205.01333333333332,,,,,,77colQZcaU0,
1587,243.50666666666663,,,,,,,
1588,232.0533333333333,,,,,,,
1589,246.72,,,,,,,
1590,201.3733333333333,,,,,,,
1591,194.30666666666667,,,,,,,
1592,280.4266666666667,,,,,,,
1594,249.56,,,,,,,
1595,223.4,,,,,,,
1596,223.85333333333332,,,,,,,
1597,243.13333333333333,,,,,,,
1598,293.4,,,,,,,
1600,211.46666666666667,,,,,,rblYSKz_VnI,
1602,255.2979,,,,,,3OSd17ko3O4,
1603,228.653,,,,,,Iw3izcZd9zU,
1604,216.95015,,,,,,rY0WxgSXdEE,
1605,122.83095,,,,,,-tJYN-eG1zk,
1606,181.0579,,,,,,04854XqcfCY,
1607,343.46115,,,,,,azdwsXLmrHE,
1608,387.7387,,,,,,g2N0TkfrQhY,
1610,248.009725,,,,,,Od6hY_50Dh0,
1611,220.555025,,,,,,JU5LMG3WFBw,
1612,248.95015,,,,,,0AIlz08fZos,
1613,177.21466666666663,,,,,,ho7796-au8U,
1614,258.142,,,,,,oRdxUFDoQe0,
1615,251.97716666666668,,,,,,PHZ1Bii7Uwk,
1616,203.18041666666667,,,,,,5X-Mrc2l1d0,
1618,217.36491666666663,,,,,,6DQJPL9Yuq0,
1619,221.9885833333333,,,,,,rHp0s2wKajw,
1620,314.61875,,,,,,sOnqjkJTMaA 4V90AmXnguw,
1621,201.62375,,,,,,F2AitTPI5U0,
1622,239.658,,,,,,PfrV_6yWbEg,
1623,319.07025,,,,,,PivWY9wn5ps,
1624,308.4384166666667,,,,,,1-7ABIM2qjU C1kHeeEMe-s,
1626,309.6666666666667,,,,,,eAR_Ff5A8Rk,
1627,165.2,,,,,,HrCQBTptSRI,
1628,222.0,,,,,,ANsKjjyfeOo,
1629,235.6266666666667,,,,,,UofYl3dataU,
1630,171.82666666666665,,,,,,K2xpbKBuTEw,
1631,78.89333333333333,,,,,,guiNy0jSKkI,
1632,305.06666666666666,,,,,,y__Zs3e6BdA,
1634,160.4,,,,,,uYZ5fQIuhss,
1635,147.97333333333333,,,,,,GscttoC1lSk,
1636,162.3733333333333,,,,,,wV0KwivMja8,
1637,158.8,,,,,,onHw7A35-EI,
1638,118.8,,,,,,rAxhO-hjcDw,
1639,153.50666666666666,,,,,,I4BSiXK0YV0,
1640,134.73333333333332,,,,,,sU_7Bvr1Mh8,
1642,164.08,,,,,,G87l7ntIpdQ,
1643,133.73333333333332,,,,,,RKk9hS6JjTg,
1644,182.8933333333333,,,,,,328_T7nZa9I,
1645,177.57333333333332,,,,,,BIFVgWvy3UE,
1646,125.73333333333332,,,,,,YyGhniPq58A,
1647,238.02775510204083,,,,,,BpndGZ71yww,
1648,66.5861224489796,,,,,,GgsmCW26QA4,
1650,229.32897959183674,,,,,,CQ1P8IQc8AY iotagMCkJRE,
1651,49.84163265306122,,,,,,A5Kg_c_A-yU,
1652,285.2933333333333,,,,,,Lak_9fjHI_Y 0szzRJDwjV0 FOlbRWzC34c PU9glEIaHbI bwLK1OEE43Q Nx0d2VWYzzY,
1653,163.30666666666667,,,,,,u9564B2VBl0 xuHTPiDqakI NHP31ACBSkw GpE1QC4kq8A mrK3X205OHI,
1654,174.89333333333335,,,,,,zpa2FmEZUMs GgaYS-9Ihdw CUzA4HFPXtI,
1655,168.04,,,,,,u9564B2VBl0 L9Tn_N3MJEE xuHTPiDqakI zpa2FmEZUMs VS8Tm3ftIjM CvVsInMTjIM k-PtmsQX2c4 NY1G4bshe9k b3LXlB6pNt8 cY8wGAF-n3U,
