salami_id,salami_length,youtube_id,youtube_length,coverage,coverage_percent,onset_in_youtube,onset_in_salami
2,264.8,DKzFw_i6Ffg,265,261.4,0.9871601208459213,0.6,0.5
3,276.6628125,E6iGez4BLjQ,277,270.3,0.9770015621452559,0.3,0.5
4,236.09466666666665,ct8gCRPST9s,235,232.5,0.9847744689983114,0.4,0.5
5,256.9404166666667,IBdrzoz9o0o,258,248.1,0.9655935147091493,6.0,6.0
6,170.46666666666667,QurVLnYoFqo,174,163.5,0.9591317950723504,4.8,0.2
7,218.62515,50JtpsgyQF4,220,211.4,0.9669518808792127,1.9,1.9
8,227.7333333333333,HF03S-1mVR8,228,220.2,0.9669203747072601,0.6,0.6
10,314.23225,s08jD3E6Mpg,315,305.9,0.9734837846847354,0.3,0.3
11,222.0668125,bbC_8YrU3D4,222,216.6,0.9753821273946551,0.3,0.3
12,262.32166666666666,3noiG0gtlbU,263,252.7,0.9633211133913198,4.7,4.6
13,198.13879166666663,_8v8c5I2IS8,196,192.9,0.9735599898303611,2.0,1.6
14,248.26775,Q5u1ZbIaNps,256,225.5,0.908293566119643,7.4,6.8
16,301.1135,jLnZbUsiYTI,299,297.5,0.987999541701053,0.1,0.1
19,218.93225,ZVY7eGwKD4U,222,215.1,0.9824957264176474,0.2,0.2
21,383.2685833333333,06vPiv2tqoQ,381,371.1,0.9682505066616688,0.6,0.4
22,295.73225,fUKGNa3LSXA,296,288.7,0.9762208889967191,0.7,0.3
23,193.257075,KMwWP5nlxqA,194,188.8,0.9769370668577076,0.2,0.6
24,202.91920833333333,iNTRtSJlbiM,203,199.8,0.9846283239573386,0.7,0.7
26,314.56655,E6mFz-0n6J8,311,309.8,0.9848472445655776,0.2,0.4
27,278.53333333333336,pAc5PYiWJlA,279,274.1,0.9840832934418382,0.6,0.5
28,501.8644375,DYYjQGSIRhc,513,377.2,0.7515973872924598,0.1,2.8
30,155.1412,glN8XXfKJcs,156,149.8,0.9655720079514662,0.8,0.7
31,143.3861,vhvvvV9ZIt8,144,137.1,0.9561596277463436,0.3,0.3
32,197.4595625,WrGrnQALzao,206,166.9,0.8452363506072288,1.3,0.4
36,180.68900000000002,A_pwcKjfC5M,181,179.1,0.9912058841434729,0.7,0.7
37,383.0334375,74tbPpF5SAY,383,379.3,0.9902529723661528,0.7,0.4
38,137.58695,W1Z6GkN1UdA,138,135.9,0.9877390261213,0.5,0.3
39,196.44083333333333,3NWyF5ssD40,199,194.9,0.9921562472160829,0.3,0.3
40,142.579525,HXcokAJGlCw,147,139.7,0.9798040777594118,0.4,0.3
43,153.9657,fLjQ-sNlaho,154,148.3,0.9632015442400483,0.5,0.8
45,174.13225,24-O8eQFIXo,175,168.7,0.9688038832553992,0.9,0.3
46,139.023625,ccB7s_IKCGQ,141,102.5,0.7372847600542713,31.3,32.4
47,205.4530625,T2q8iyva2mw,211,188.0,0.9150508525517842,13.8,13.1
48,173.2963,C46DHQ5Tc_8,173,166.7,0.9619362906190149,0.4,0.3
50,189.9102,epOHBLBy0G0,190,180.2,0.9488695183302424,0.6,0.4
51,243.85305,zLAmxoX_P8U,0,231.0,0.9472918218574671,2.3,7.1
52,132.80655,Qpq5kw0evJE,133,127.0,0.9562781353781121,0.1,0.1
53,275.2,YmQbBNf6Mnc,274,258.6,0.9396802325581397,0.5,0.5
54,178.33795,zfR0IKFRvdw,176,172.2,0.9655824797806635,0.2,0.4
55,171.9118125,twhTfYKmdD0,173,125.5,0.7300254600014761,15.7,16.4
56,191.92166666666665,1N5kIwYJ2i4,192,182.8,0.9524719286514465,1.7,1.6
59,266.9975833333333,3GsynTrMJeg,254,251.6,0.9423306265880684,0.3,0.3
60,194.71675,fyhTk596A9c,194,177.1,0.9095262734202374,7.8,1.3
61,150.56983333333332,q-YRPujUuQI,412,143.7,0.9543744375533391,78.1,0.2
63,1085.1526666666666,Sgt5Us5kgpk,1085,379.7,0.3499046831505736,380.5,0.0
64,559.2032916666667,PjOLW_HXb8M,562,378.9,0.6775711188514552,4.2,1.5
66,40.359208333333335,chkgSsoEI_0,192,38.9,0.9638444758063267,0.4,0.2
67,60.107791666666664,0X4QqqJz2uI,181,56.2,0.9349869366630922,64.8,1.0
68,544.05225,-99j6DeuwUI,547,377.9,0.6946024026184985,5.9,2.2
69,188.395125,z2GpKXFFek4,188,187.7,0.9963102813833425,0.2,0.2
74,191.32083333333333,UHGRHybvDK0,345,183.9,0.9612126227758783,6.3,5.7
75,160.62695833333333,7AmvvdPzzmw,161,159.9,0.9954742445422845,0.0,0.0
79,121.782875,Ad-vv9H4RsY,122,120.7,0.9911081504686107,0.4,0.4
82,115.591875,AnnVRQVgiq8,457,110.6,0.9568146550092729,341.9,0.2
83,23.69308333333333,0rnvM6Mj2vo,920,18.8,0.793480516465776,14.6,4.3
86,630.7787916666666,2YYETUZ7Xjw,633,378.7,0.6003689486759457,1.5,1.0
93,289.12329166666666,NuzVY7srVVI,0,279.0,0.9649862464960522,2107.7,1.8
95,188.342875,K8TEWwu9-98,188,186.7,0.9912772118403735,0.1,0.1
96,148.16654166666666,X5Kjvzh4DhY,468,142.5,0.9617555920322768,2.7,2.7
99,192.05225,uPh_7tSEc4w,193,187.9,0.978379581598237,2.6,1.3
101,21.263708333333334,FNZ_MuF1C7A,716,20.6,0.9687868022393398,386.4,0.2
102,44.9045,6Rd5_9hyWm0,285,42.6,0.9486799763943481,146.4,0.3
107,64.49633333333334,Q-dobBQqFhs,435,55.4,0.8589635586519129,119.6,0.2
108,431.9608,JpjEVsogI0Q,433,378.0,0.8750794053534487,1.3,2.0
110,117.21145833333334,UQCwlhm-nks,117,116.0,0.9896643352914515,0.4,0.4
111,69.302875,ShRjwiNRQSY,69,66.9,0.9653279174926005,0.7,0.8
112,187.6375833333333,MbB_sbRjoAI,188,178.6,0.9518348980370405,0.6,0.5
114,297.8742916666667,ZIalwWHBnkY,305,292.3,0.9812864291326472,9.6,3.0
116,273.00575,AB5sDA7aztA,273,266.4,0.9758036231837608,0.2,0.3
118,71.7845,SeGjwmA-nao,72,68.5,0.9542449971790569,0.1,0.1
120,108.5649,epIliwZ9Q9k,109,105.7,0.9736111763562626,0.7,1.1
122,424.071875,gAsXbQlCMBY,415,379.8,0.8956028975041083,0.5,0.6
124,1078.8310000000001,0i8rk2fftVg,462,379.2,0.3514915681881592,1.3,0.6
128,126.0275,WieyrIDEghQ,125,119.7,0.9497927039733391,0.8,0.5
131,98.514,cRTAtspjwKs,206,89.4,0.9074852305256107,0.4,0.6
132,168.51591666666667,JIuNdOHG65g,169,166.0,0.9850701541051265,1.6,1.6
133,189.59675,_mH18duWVLE,190,188.5,0.9942153544298624,0.6,0.6
134,32.339625,3AXwDhybOao,232,31.8,0.9833138139356904,72.0,0.2
135,116.11429166666667,CtpxNJvIr58,294,114.4,0.9852361699661576,0.3,0.3
139,167.83675,sDiPfjCCFDg,285,165.3,0.9848856105709864,1.1,0.6
140,111.0748125,AmmES3BvtIA,108,101.0,0.9092970559819762,1.0,0.6
141,614.3477916666667,9_V0KE_8c4U,610,378.0,0.6152866586767118,2.2,2.0
146,240.53554166666663,UCcuVmgwApQ,241,239.0,0.9936161547851644,0.8,0.8
148,48.326541666666664,R-Uhnwm0PyI,428,45.0,0.931165327541715,0.6,0.3
149,332.5126666666667,pDWWSwe04AY,333,331.3,0.9963530211380418,0.6,0.7
152,223.059625,6FjqgK5Wmwg,223,216.5,0.9705925041342645,3.7,3.3
154,203.67675,5Z4fM0_2usc,202,196.9,0.9667279156801157,0.4,0.3
155,249.8612,AvIHdDbPvgU,250,245.5,0.9825455092667449,0.8,1.6
156,393.0645,uErKOv1wb_k,393,379.7,0.9659992189577028,1.0,0.4
157,28.86533333333333,MprY4vWfTL4,632,28.1,0.973486073259735,53.8,0.5
158,436.1926666666666,u-neICCDaTY,436,378.3,0.8672773040659405,1.3,1.2
159,268.9045,OVG0zcgcNok,267,261.2,0.9713485642672399,1.5,1.5
162,206.05391666666668,2N0D-kt2fX4,199,193.2,0.9376186734297293,0.6,1.6
164,564.767375,djrPX6OdlKE,565,377.0,0.6675314770085647,1.1,1.0
165,159.0596,3wHDxdEwjSo,159,150.3,0.9449288191344629,1.5,1.0
166,59.55920833333333,Tkw9jAGL-nQ,175,56.3,0.9452778432666094,0.2,0.2
170,310.51758333333333,nbWRPvFbZSg,313,306.9,0.9883498277472745,1.2,1.1
173,232.09795,RGdaZyBefAc,232,225.9,0.9732959726701593,0.7,1.4
174,95.21633333333334,OB3xld7u2Ms,1041,92.7,0.9735724613074087,905.0,0.1
176,47.751875,rAVJGOXrrxc,472,46.4,0.9716895933405756,0.5,0.3
182,38.89633333333333,WSUQbQ4QYos,1023,37.5,0.9641011577783682,160.4,1.2
183,161.07104166666667,Xk9awBJxZDM,163,135.4,0.8406228618065786,13.9,12.8
186,652.3298333333332,60iTktxIV6E,650,378.9,0.580841133792491,0.5,0.4
191,342.027,hejXlkkiWz8,1359,332.9,0.9733149722097962,1019.8,1.2
192,209.05795833333332,rguiOWLm1tg,209,198.2,0.94806244918923,0.8,0.6
195,60.499625,3Oo3T_z5zj8,5334,58.0,0.958683628204307,1738.8,0.4
197,236.0685833333333,4HVmbDGhpbI,329,224.5,0.9509948203611734,93.2,0.6
198,158.06695833333333,RWOGipu8OAc,265,147.1,0.9306182743758117,51.2,0.7
200,208.64,ylxR6-wyghE,209,197.6,0.9470858895705522,1.0,1.0
203,521.8742916666666,1mz9v6afj_g,519,379.3,0.7268033816892208,2.6,0.4
204,188.31675,n0-wtP8TZQE,190,147.3,0.7821927683012796,33.2,33.2
213,221.07429166666665,XeO2cWyB1Xg,227,214.8,0.9716190805391024,1.5,1.2
215,152.16329166666668,qwchF14gXdE,152,149.0,0.9792112037534239,0.6,0.6
216,135.62779166666667,p-4kNaeUVq8,140,129.0,0.9511324958902536,0.4,0.5
218,87.58858333333332,fmZPX5FV4Xk,88,85.5,0.976154616802228,0.1,0.1
223,96.391875,fYJVsptOXBc,96,91.6,0.9502875631374532,0.5,0.5
226,13.296333333333333,Mgy7YfDkefk,135,12.2,0.9175461906791346,0.5,0.2
227,113.031875,RZSNIAzmtMQ,113,106.6,0.9430968034459306,0.5,0.5
228,177.76329166666667,x2VfPAlJfVA,177,170.7,0.9602657466542,0.4,1.3
229,230.13879166666663,hdRBvKfGdZE,231,223.2,0.9698495346377033,0.3,0.6
231,279.40575,xDOf7ZVIrfM,280,276.1,0.9881686400512517,0.4,0.5
232,71.05308333333333,H4h6uVlfSxk,67,63.8,0.8979202169270158,0.3,0.1
236,145.05795833333337,1Pf1xgdzKyY,146,138.2,0.9527226329935359,0.9,0.2
237,314.1224583333333,PaTbTzrNLkA,316,308.0,0.9805093263123631,0.4,0.9
244,69.06779166666666,OudcDaEQ8Co,271,63.1,0.9135951574147864,4.6,1.0
245,246.67429166666668,PKoEYfMEyxE,247,237.3,0.961997289610811,2.1,2.2
246,258.01145833333334,5Zah4VWPiNE,504,50.5,0.19572774141975283,396.5,203.9
250,179.93145833333332,dsjYK0xOBV4,186,170.1,0.9453599808260321,5.1,0.5
252,136.93391666666668,YKQYXBUpxEc,137,127.8,0.93329690051223,0.6,0.6
254,188.3951,aHWckbyKmLc,534,181.2,0.9618084546784921,3.0,0.5
256,24.32,DS1vxdVj4jk,1345,22.6,0.9292763157894738,63.3,0.5
259,63.89554166666667,MRL-5CC8zLE,64,62.6,0.9797240678633682,0.2,0.1
261,1746.6775833333334,7tJc4F4U9EY,1747,377.3,0.2160101003185524,2.7,2.7
263,474.9845,0MikuFTonJ4,475,379.5,0.7989734401859429,0.8,0.8
264,722.07675,2bKWRDsC02o,1925,202.4,0.2803026132609865,458.5,77.8
266,142.73308333333333,2hPR7D7ya-k,143,139.7,0.9787499627801777,0.4,0.5
268,302.0539166666667,TGXXLaO0Ke4,1369,290.3,0.9610866934076615,807.3,1.8
269,546.0637083333334,7uLBx_VVQa0,540,366.6,0.671350236987763,14.6,12.6
271,122.20083333333334,LKYD33OT79s,122,112.2,0.9181606781186707,0.7,0.4
272,160.86204166666667,xH_JkLJoBpI,158,154.3,0.9592070223734676,1.3,0.4
274,173.06125,RQxVflQK7lM,173,169.4,0.9788441953354665,1.5,1.1
275,151.170625,7ACZoJleYT8,151,150.5,0.995563787607546,0.1,0.1
276,658.0245,vODC7VoNrD8,360,303.6,0.4613809972121099,1.9,2.2
277,266.18779166666667,SuHC4h2w64U,266,261.4,0.9820134813971401,4.6,4.6
280,237.06125,vt8PNSpie5g,248,229.9,0.9697915623072096,5.0,0.5
282,663.04,I8OT2HVx23g,5760,257.9,0.3889659749034749,5137.6,36.0
283,171.07591666666667,aLg-5B6G-Ho,167,160.9,0.9405181228022063,4.9,1.6
284,616.071875,n-m9NaUbr3M,1729,379.5,0.6159995536235119,1139.3,0.9
285,239.07266666666663,Zt9AEuocC_Q,250,232.2,0.9712528129522684,0.7,0.3
287,242.36408333333333,orx6EstWsl8,242,235.4,0.9712660257346988,0.5,0.5
290,420.075125,4BJ1N3KNBDQ,420,378.4,0.900791257278088,1.6,1.6
291,120.29391666666666,fr8adoP0R8o,120,112.5,0.9352093864541502,1.4,0.7
292,63.52983333333334,nhcyUL7QSb4,185,61.7,0.9711972590305341,0.6,0.2
293,906.7885833333332,9HN1CMMqORw,908,378.8,0.4177379457155716,1.0,1.3
294,138.5535,myTQlGH6AJU,140,133.2,0.9613614957399126,2.5,1.0
296,72.019625,Mq4xGlznkAE,71,69.6,0.9664032546684322,0.4,0.3
298,143.07266666666666,LBYIxhnnQi4,1615,139.7,0.9764268972876253,178.6,1.5
299,71.00083333333333,8wSWVC7Y4YA,389,67.4,0.9492846328094742,81.1,0.3
300,29.387791666666665,EiJ5bdmfMtw,419,23.3,0.7928462357526581,73.5,0.2
301,153.26041666666666,iI_VIk6-bxw,430,150.7,0.9832936858560457,269.6,0.3
302,458.05716666666666,jpG9l5_Yri4,458,378.6,0.826534388174984,1.6,1.2
303,225.7240833333333,FTphxXXSbFs,221,217.5,0.9635657692706694,1.8,1.9
307,334.02775,Giamz8EehFQ,334,324.1,0.9702786669670409,0.6,0.6
308,282.6529375,vuAIHmhJvs4,280,274.7,0.9718632412939278,3.6,1.6
309,123.79429166666668,O8cmFvO0YJA,124,119.7,0.9669266521780251,0.2,0.1
310,266.42925,7PeKI8Z5css,266,257.5,0.9664854740986584,0.5,0.5
311,163.25333333333333,36lb-1nIROk,159,157.1,0.9623080692584123,0.2,0.2
312,188.3616875,UjCEjVIGzv8,189,185.2,0.9832148058240346,0.3,0.3
315,139.859625,WHg-b2hunVE,148,134.4,0.9609635375470227,2.1,0.1
316,220.55185,0cHsD8AyPSU,224,215.3,0.9761876855714428,1.1,0.9
317,199.24125,ym8xmve3bVQ,201,188.2,0.9445835137051187,1.6,1.4
318,220.16,VlDbUiBQwoo,217.0,177.6,0.8066860465116279,33.5,33.8
320,195.08700000000002,vYtfHNU6Gc0,195,192.0,0.9841762905780497,1.9,1.9
322,242.99099999999999,-eLYm3e0gEI,250.0,236.0,0.9712293870966415,0.6,0.5
323,275.04875,xEtS_GdNUBk,275,268.3,0.9754634405718987,1.3,1.1
324,205.71429166666667,S3anFUuK5JQ,206,201.6,0.9799999716435193,0.4,0.2
325,254.0970625,Z9zaFzE66-o,254,250.4,0.9854501958282182,1.1,0.3
326,223.71265306122453,stYAPyJxrLs,222,218.0,0.9744643274170947,1.3,0.7
327,236.826125,mpxcjypua5w,241,233.0,0.9838441599295686,0.8,0.7
328,46.419625,pw3-fAavWMM,47,43.2,0.9306408657976017,1.1,1.1
330,210.0,9WgKubW5Z0o,211,205.4,0.9780952380952381,1.9,1.2
331,258.4266666666667,HSNKIdy5HJQ,261,254.5,0.9848054896295532,0.2,0.1
332,287.11716666666666,6t05xjrsAoE,287,281.5,0.9804359776467563,0.3,0.3
333,193.2,ELFaFkpBVIs,188,152.3,0.7883022774327123,32.6,31.3
334,203.83346938775512,f5u2uOM49eI,213,197.3,0.9679470235806741,4.9,0.3
335,237.6359183673469,BFRnXE6kl74,238,235.5,0.9910118033417612,0.6,0.6
336,243.6046875,9zoA0L2u-JQ,271,239.5,0.9831502113439422,29.7,1.6
338,243.66666666666663,wFK2r0OgmF4,243.0,240.5,0.9870041039671684,0.2,0.1
339,210.90099999999998,_O4stj9PcYI,210.0,206.5,0.9791323891304452,0.1,0.1
340,282.6449166666667,v33r88NXK-8,286.0,278.3,0.984627649710075,0.9,0.8
341,38.191041666666656,SL-b1GXLqbw,38,34.1,0.8928795474505913,0.2,0.2
342,327.84208333333333,yomowCF5icY,329,315.2,0.9614384974473228,1.9,1.5
343,124.34285714285713,cUUljoyrxCQ,128,119.6,0.9618566176470589,2.4,1.5
344,295.20983333333334,s7ZoVCuQcD8,294,288.4,0.9769322273027264,0.6,0.8
346,230.26666666666668,PCoCVYrJWYU,231,229.3,0.9958019687319051,0.2,0.1
347,273.18612244897963,Q_0wzSdtZbM,281,267.3,0.9784538014002563,3.3,2.4
348,141.95083333333332,AX6ss4bzpM0,138,137.0,0.9651229005348096,0.1,0.1
349,365.84489795918364,1Q9i-LxiGXo,378,363.0,0.9922237593716531,9.2,1.7
350,243.09554166666663,UqxL2lvb_oA,243,240.8,0.9905570392162343,0.3,0.3
352,185.4,YB0x2AGEUS8,190,177.9,0.959546925566343,2.2,2.1
354,55.08,csrVmkBCkFw,54,50.6,0.9186637618010167,0.7,0.7
355,170.45333333333338,oFzM7DJ9nFw,182,168.9,0.9908870463078846,5.3,0.2
356,333.58508333333333,WIHmmd8rrfE,334,332.8,0.9976465274601358,1.2,1.1
358,260.04900000000004,BVo5Y_yVdas,260,259.2,0.9967352306680662,0.3,0.1
359,24.84245833333333,2920nj96R8M,25,21.1,0.8493523352996133,1.1,0.3
360,190.955125,hYTjBhplTGY,204,189.7,0.9934271206389458,12.7,0.3
362,268.8,xI0uOSWuf_E,269,268.1,0.9973958333333334,0.0,0.0
363,247.90666666666667,CjxZXRR4NzQ,248,247.4,0.9979562200828269,0.3,0.1
364,238.34666666666664,LygwDxh-EmQ,237,234.4,0.9834414857910049,0.6,0.1
365,211.067,EKOPq3pDQBM,232,208.2,0.9864166354759388,22.6,0.2
366,301.2781875,OjYSC4_aawg,301,297.0,0.9857998764016064,0.6,0.4
367,248.346125,YA2aq4maAkw,248,243.2,0.9792784163634524,0.9,0.7
370,220.6563125,P4v17ic9ySQ,216,210.1,0.9521594810481571,1.2,0.3
371,199.68,Rdk-rHAndNc,202,195.7,0.9800681089743589,0.6,0.5
373,136.20244897959185,Ypn6Vj6PvOo,136,131.6,0.966208764863828,0.5,0.5
374,90.869625,TywmpMQYojs,94,89.9,0.9893294926660037,0.4,0.3
375,227.4138125,TuoxwcHcdn8,227,219.2,0.963881646370974,4.0,3.4
376,216.398375,X_-q9xeOgG4,219,209.3,0.9671976510914189,7.8,1.4
378,35.03020833333333,qvtaKF-rDQU,43,30.3,0.8649677361800828,7.8,0.3
379,208.3262083333333,QlXhHQQFCfk,208,200.9,0.964352980871946,0.7,0.7
380,91.14125,SVGV6lvNTR4,96,86.5,0.9490762964080479,0.2,0.2
381,54.56983333333334,j6AhepWgYg4,57,50.2,0.9199221792260069,0.9,0.8
382,169.09599999999998,y0g8p5uweYQ,170,163.1,0.9645408525334722,1.8,1.8
383,95.16408333333334,yEKDYIYMgBc,96,86.7,0.9110580059528761,5.3,0.3
384,189.75985,0qjzWSZ1mpI,211,184.3,0.9712275805445673,4.2,0.4
386,143.7257,cREpeMHduZo,144,138.7,0.9650326977012462,0.4,0.5
388,97.77633333333333,DXngbbrkHL0,98,90.0,0.9204681432793894,1.7,1.5
389,477.26666666666665,wqnRMcZyUJU,483,68.0,0.14247799972063138,223.4,212.8
390,150.07345,5VwPYWQDQXM,150,146.8,0.9781876807656518,0.5,0.5
392,135.1053,DC0q1GrcviM,134.0,130.8,0.9681337445681258,0.2,0.5
394,131.29145833333334,CyaEsCxyi9E,142,92.4,0.7037776956167814,19.0,13.0
395,107.6245,xwR98IoWpuA,109,100.2,0.9310147782335807,0.5,0.4
396,179.6825,e8XN8RwFedg,180,96.9,0.5392845713967693,41.5,41.9
397,139.25875,hj3sWYDKO0A,139,133.6,0.9593652104445861,0.5,0.5
398,86.0553125,o0kZGz6CZa8,85,81.0,0.9412550794002404,1.0,0.8
399,166.84408333333334,2mPOR-Eb87o,168,162.1,0.9715657682397087,1.3,1.3
400,164.25795,H4s9R8vYx1Y,164,158.5,0.9649456845163354,0.6,0.5
402,340.03591666666665,k--JfatucHY,339,334.2,0.9828373522306835,0.4,0.3
404,358.06041666666664,aG9IhX48QPI,482,346.4,0.96743449953162,0.3,0.3
405,323.18695,5V_jyIj2mpA,327,318.5,0.9854977127015803,5.2,2.0
407,279.5363,FeCPW-cGah0,279,275.5,0.9855607303953011,1.6,0.6
408,370.7037083333333,61XXShTo22E,371,359.1,0.9686981595476802,1.1,1.3
410,257.28,mlPSzucHKnw,258,238.2,0.925839552238806,0.4,0.3
411,275.487375,CP5IhNePIck,276,263.6,0.9568496559960327,0.5,0.5
412,499.591875,iUXEbNm-0Tg,500,379.0,0.7586192229407254,1.3,1.1
413,370.102875,PLuuTRgDegQ,372,363.9,0.9832401328954821,0.4,0.3
414,280.26779166666665,4RzkdvT6Pnw,280,273.3,0.975138806977315,0.4,0.3
415,190.58941666666664,i82tkFErHzI,191,184.1,0.9659508026197678,0.7,0.7
416,255.4514583333333,MjkeCC6L5II,248,244.9,0.958694859672459,2.8,2.1
419,1561.9395625,DUR6zK9XcaM,1561,380.2,0.24341530820274615,380.1,0.2
420,131.05633333333333,5Luen1AghJk,130,124.6,0.9507361974112913,2.4,0.7
422,298.6318125,XEkruoBv-7M,299,293.1,0.9814761446421586,0.4,0.4
424,470.41308333333336,5Pi5ZJZ07ME,460,200.0,0.4251582430123028,159.2,160.5
426,473.49554166666667,PbO3gPeRxEo,475,306.2,0.6466797953835011,0.3,0.6
427,504.0326666666666,33AsOWpWjZE,505,378.4,0.7507449913960603,1.7,1.8
428,197.53795,NCKHbqaOweA,198,188.1,0.9522220920081432,0.3,0.3
429,179.931375,Mg4eOHc3Rpg,184,175.2,0.9737045581961455,0.5,0.2
431,188.10775,m-d5Xdm-EBY,194,181.7,0.9659357469322767,0.4,0.3
432,1028.4147,GhQUJmhsLDI,665,379.7,0.36920903600463895,17.2,0.1
434,182.5698333333333,RgtTD3lcmH0,195.0,174.2,0.9541554418902722,0.3,0.6
436,589.1519999999998,MwYajj7T0q0,7380,137.2,0.23287708435174628,192.6,193.2
437,423.5232916666667,cyQ7Q_BAZW0,424,380.0,0.8972351874783746,0.4,0.3
438,225.09715,59til4fU1tk,224,219.8,0.9764672720201034,0.5,0.4
439,153.3649,4ADiaFPiRlA,160,150.7,0.9826237946231503,0.5,0.5
440,509.38779166666666,7QN7AGbtCAU,510,379.3,0.7446193375757354,0.3,0.5
443,157.07429166666662,uFmj6p67ayQ,175,43.8,0.27884894170301056,45.2,45.7
444,490.78858333333335,bV02xZfrV2o,493,379.0,0.772226601983916,1.3,1.3
445,208.03920833333333,3CSQYnhJeGU,210,202.3,0.9724128524651103,3.5,1.3
446,179.5657,roKDHGGggEw,183,172.4,0.9600942719015938,0.9,0.8
447,186.06666666666663,JkDBV4GGV50,186,178.6,0.9598710139734863,0.9,0.4
448,212.9502083333333,7S3F8Nnapjs,213,204.6,0.9607879776277907,0.4,0.6
450,181.96900000000002,_IqqwYesH58,182,175.1,0.9622518121218447,0.6,0.5
451,220.7608,HrnIK9-LE_0,224,210.9,0.9553326496370733,1.0,1.0
452,211.56,lh8GRYQtx2Q,226,205.7,0.9723010020797882,1.5,0.4
453,360.07185,f72G0huGCzA,364,351.6,0.9764717791740732,0.4,0.9
455,234.8147,Zi-AmJmmZ88,306,190.0,0.8091486606247394,51.3,27.0
458,254.1975833333333,Po8J4NBdiSc,257.0,93.6,0.368217505346071,92.2,90.5
460,178.26491666666664,ptCuv5WvifY,180,174.2,0.9771973266379299,0.6,0.6
462,206.686125,XuNxOjFX8oI,205,198.8,0.9618449230687353,1.1,0.7
463,178.29104166666667,rmQY7aNQ9IA,179,173.3,0.9720062117534883,0.2,0.3
464,177.402875,6g6UehIKO-E,179,172.8,0.974054112708151,0.3,0.3
466,185.1298,Y8do5iMTEQI,191,38.8,0.20958268198852914,14.4,8.5
467,326.84408333333334,qPfccMtDAJM,327,321.1,0.98242561629156,0.4,0.3
468,728.9992083333333,oQcCefkIHGA,730,378.8,0.5196164764925156,0.6,1.5
469,390.00816666666674,JE5ozZro9Ng,390,379.4,0.9728001422192439,1.0,0.9
471,294.92245833333334,XkD8ojDmV8Y,295,288.1,0.9768669420026932,0.6,0.5
472,352.339625,UdegVsrO6Ac,352,346.5,0.9834261474280674,0.5,0.5
474,386.6645,C-o8EeITzYM,385,380.0,0.9827641275576113,1.2,0.4
476,571.03675,0XNvvKo3Ov8,572,341.0,0.5971594647805067,0.1,1.1
477,323.0040833333333,hpx7eaKjCfY,326,200.6,0.6210447803936432,26.5,26.2
478,525.06125,BVF2H3s_Mk0,525,379.3,0.7223919114198583,0.6,0.5
480,337.81554166666666,9r31Vlw4MkY,338,336.9,0.9972898178036756,0.1,0.1
482,289.4754375,I38lOVzRZDU,289,285.5,0.9862667536343217,0.9,0.5
483,168.07185,bRQEq2UvuMQ,203,120.2,0.7151703274522175,20.2,15.2
484,141.06666666666666,O0gzsR-40Bw,142,134.9,0.9562854442344046,0.5,0.3
485,424.75104166666665,o1izfUdFJjU,426,379.3,0.8929936899311116,0.4,0.5
486,216.9208333333333,4QXGeuNRHLE,216,209.9,0.9676341215113042,3.7,0.3
487,349.93633333333327,L6Bdc_fGSvk,351,344.6,0.9847505593874698,1.3,0.3
488,447.60816666666665,Kmt31uOnb0U,446,379.7,0.8482865780301149,0.5,0.6
490,313.0253333333333,fJslbjCzVJk,345,304.0,0.9711674028513134,32.0,1.1
491,266.9714583333333,XlMCKQTg1oY,267,265.9,0.995986618419728,0.4,0.3
492,152.607375,x5z9GGpYDKc,154,139.0,0.9108340930443237,0.4,0.2
493,158.64166666666668,TqIrcCbEJbk,159,153.3,0.9663287282660082,0.5,0.4
494,342.0473469387755,UFNCC3XpPjg,342,336.5,0.9837819325645334,0.4,0.3
495,460.70666666666665,i3LrtMzAIec,462,379.6,0.8239516105692705,0.7,0.7
496,339.7224583333333,HD5nHtltdN0,340,333.9,0.9828611321079622,0.2,0.2
498,289.462875,1G-zEp6iErY,289,283.1,0.9780183382756771,0.5,0.5
499,704.6008333333333,qE-5IuqUIP8,705,378.9,0.537751279980036,0.3,0.4
501,301.4008333333333,uQ8WewCpE5E,301,298.8,0.9913708488972327,0.4,0.4
502,353.8547083333333,DyUlp_4bV0c,354,349.4,0.9874109112344015,0.4,0.4
503,297.45633333333336,Xab8yPALBaA,298,290.9,0.9779586695638237,0.7,0.7
504,504.05879166666665,Q-MGARQSCNs,504,379.7,0.7532851450612036,0.4,0.6
506,318.11920833333335,hE_N8dJObGM,315,309.7,0.9735344232200166,0.6,0.5
507,540.6824583333333,P_FeSOb-z8Q,537,379.8,0.7024455743778754,0.6,0.5
508,401.4498333333333,6nYI0a-pZM0,402,379.8,0.9460708872299944,0.5,0.5
509,483.73554166666673,SuMd8ldLqxo,488,379.3,0.7841061227239091,5.7,0.9
510,484.04900000000004,fDfFjsUN8e4,482,370.7,0.7658315583752884,9.0,9.5
511,295.73225,Cg-DPNqpWxY,296,286.9,0.9701343022277752,1.5,1.2
512,325.66858333333334,CWHSKcVgEXM,326,319.4,0.9807516485957221,0.3,0.3
514,364.46041666666673,i_sHjNcIrOs,371,359.7,0.9869384535357633,5.7,0.5
515,614.9485833333333,bBnpH6sU0IU,633,379.9,0.6177752259233596,5.2,0.5
516,518.45225,w3eCpR12DPo,519,378.0,0.7290931807123991,0.8,0.3
517,418.35104166666673,HQ2m_xusIbE,419,346.2,0.8275346910115855,0.5,0.5
518,264.04575,5NXI9v7Rhzw,261,258.6,0.979375733182602,0.4,0.3
519,174.6611,iA-IY0KeO0A,175,170.9,0.9784662984488246,1.0,0.2
520,240.8751,mOTFeagqd-s,243,233.5,0.9693820573400903,1.3,0.5
522,270.23675,BeJX2QV_5VA,268,261.3,0.9669299234837602,0.7,0.2
524,190.7461,32kUctRq_so,193,185.3,0.971448433283826,0.8,0.5
526,182.4653,Gp9lZBgCW8Q,183,177.6,0.9733357520580624,0.2,0.2
527,162.8996,Gfw6wRr3ZL8,163,156.3,0.9594867022386796,0.3,0.4
528,293.48575,_FPTzVv-fog,294,288.4,0.9826712199825715,0.5,0.5
530,257.56735,Ojs6_2pZVME,258,247.6,0.9613019662624165,0.2,2.3
531,218.85391666666663,rvAN2MNfflg,219,209.3,0.9563456902568572,0.5,0.5
532,438.20408333333336,vZKFeI5Q6uA,433,379.9,0.8669476493924348,0.5,0.4
533,254.955125,LM8yBRZbHCM,259,245.7,0.9636990038933321,11.9,2.7
534,149.06004166666668,H5je_eK0V1w,155,141.8,0.9512945147103754,9.4,0.3
535,225.81540625,mN78bVtTImI,226,221.3,0.9800039938594757,0.3,0.2
536,401.71104166666674,-x-S-HzntaY,402,380.0,0.9459535850033164,0.4,0.4
538,52.77270833333333,1WoscbUDN2U,53.0,48.9,0.9266153196293856,0.6,0.5
539,293.4595625,oCojYVfs-Tg,295,289.6,0.9868480601990948,1.6,0.4
540,81.50204166666667,V4fFwY-RHXY,83.0,77.6,0.9521233875020512,0.3,0.4
542,266.50666666666666,sAypnmdiCEk,268,261.6,0.9815889533720233,1.8,0.6
543,135.0,hPhzPcFXOp8,135,127.7,0.945925925925926,0.6,0.5
548,312.58125,2WZiQXPVWho,314,309.5,0.9901425629336372,0.5,0.7
549,175.9608,DQk3wyFG6Fg,178,171.8,0.9763538242608581,0.2,0.4
550,153.73333333333332,XrjexLcQp1s,154,147.8,0.9614050303555942,1.0,0.9
551,260.63782312925173,rQ6-GWxcZrQ,261.0,251.5,0.9649405331139517,1.6,1.5
552,146.29104166666667,AQtW264rZlA,146.0,145.0,0.9911748412482536,0.1,0.1
555,153.6836875,8oBwR49sUxs,153,145.9,0.9493525459557964,0.9,0.9
556,265.09591666666665,HElU_-hb7Cc,267,261.5,0.9864354128427101,0.6,0.6
557,201.0133333333333,31AxHeYEDxc,205,192.4,0.9571504377819052,0.7,0.4
559,294.24325,XZyN6yY4n-k,294,285.6,0.970625494382624,0.5,0.7
560,147.72245833333332,3ELeiDSy8LY,149,143.5,0.9714162735918908,3.4,2.9
562,106.81470833333331,Vh6Chrq80W4,107,99.1,0.927774849983597,0.2,0.3
563,270.96,ntkqwuxUC1o,269,263.0,0.9706229701801005,0.5,0.3
564,226.742875,ZxNAuIWalzc,239,217.1,0.9574722028200445,18.2,0.4
565,300.1333333333333,edYTjmh_uOk,301,295.2,0.9835628609506886,0.5,0.4
566,218.11020833333333,wYoY40-W7bs,219,214.7,0.9843647467975383,0.6,0.5
567,274.44246875,Cbx7vhaIxi0,274,272.2,0.9918290024127324,0.8,0.3
568,605.03,3EnO9erUo2M,605,379.4,0.6270763433218187,0.5,0.5
570,221.14666666666668,GiU0afQ_ewM,225,217.6,0.9839623779090799,1.1,1.0
571,258.66979166666664,6h9fm5jdHns,259,252.7,0.9769211873245733,0.4,0.2
572,294.0395833333333,SCJTK4cKlow,294,288.0,0.9794599649990435,0.9,0.9
573,256.891156462585,zvR0XS_mrlU,257,245.9,0.9572147339988879,1.2,1.1
574,193.9853061224489,3sZbKp7Jzgg,194,191.1,0.9851261614597365,0.3,1.3
575,192.02666666666667,Z3w68Kt_iwY,192.0,189.6,0.9873628662685737,0.2,0.3
576,204.33333333333331,7whwQCLZ5tU,205,201.6,0.9866231647634585,0.5,0.3
578,313.626125,SvDKtObV2K4,313,308.7,0.9842930017389335,0.3,0.6
579,254.84,7RJOiUfIA6Y,255,245.6,0.9637419557369329,0.5,0.6
580,275.278375,A-Y9AYyD0iA,275,270.7,0.9833681995543602,1.4,0.6
581,381.570625,qATvokvWKBg,383,376.6,0.9869732503648572,0.3,0.3
582,287.007375,8H6YEpH0iII,288,281.9,0.9822047255754315,0.5,0.5
583,304.4571666666667,No_7lcumMiY,305,299.6,0.9840464695909605,0.6,0.6
584,256.026125,dzIK_dsViLI,261,251.4,0.981931043169911,1.2,0.6
586,140.8521875,j7OxdZdIofo,146,124.8,0.8860352275324086,11.0,11.0
587,195.34365,pCY7s6rNWWU,196,189.9,0.9721329564590403,0.4,0.3
589,202.7363125,k1pTLKR8StI,203,200.8,0.9904491086173821,0.3,0.3
590,160.88815,60OwtIio8LM,161,153.3,0.9528358676509117,1.1,0.7
591,237.79266666666663,s5J9YZtw8aI,237,231.9,0.975219308697493,0.2,0.4
592,122.82775,HIe4u8nBfh0,125,115.9,0.9435978433212365,2.1,0.1
594,431.9868125,8bs2NFMLO7k,432,379.9,0.8794249940210849,0.4,0.5
595,156.5256875,8SZBrWMmk_g,157,146.2,0.9340319939498748,0.6,0.3
596,179.4612,bjsLhEdWaT8,182,123.2,0.6864993658796442,45.8,45.7
597,156.5518125,1UagEgEp2ok,170,145.4,0.9287659956028934,9.5,7.1
598,191.3730625,KFFG0xX5Mao,196,170.1,0.888839828228176,21.1,17.9
599,361.0905625,tLLo5CpHu_U,363,305.0,0.8446634492143505,47.6,46.3
600,201.4302,hWVqSdkiI5U,196,192.9,0.9576518317511475,0.2,0.5
602,185.52166666666668,rUtBx3r-acE,185,178.4,0.9616127496339152,0.4,0.3
604,148.32325,80l8HEZ5zFw,161,128.0,0.8629800115625837,17.6,8.0
605,127.34695,h0pgCtF9Ea8,128,104.4,0.8198076200490079,19.3,17.3
606,162.19425,Gi_LO8fkE2o,165,153.0,0.943313341872477,2.9,0.5
607,178.311875,p5o6Qum2V_Y,176,167.5,0.939365367561751,7.9,6.2
608,119.45795833333334,J-mRtjTAigo,119,116.0,0.9710529262212543,0.5,0.5
610,249.399,w-G7-yLFmCQ,252,240.2,0.9631153292515207,9.1,3.4
611,304.56165,P-3bMig6jpk,304,292.6,0.9607250289062987,0.7,0.7
612,147.73333333333332,6sxnXO2RjVg,154,137.0,0.927346570397112,5.3,4.2
613,132.0,6p3FsA0olbQ,132,126.2,0.956060606060606,0.6,0.5
614,129.8808,6lPl5CRW7jg,130,125.8,0.9685804214325752,0.7,0.5
615,135.13333333333333,1sv-vo3ptRo,135,127.8,0.9457326097681302,0.7,0.5
616,155.73333333333332,f7QzxYAjgNc,164,152.2,0.9773116438356164,3.2,2.1
618,200.51591836734693,COiIC3A0ROM,199,177.7,0.886213929781136,0.7,0.7
619,167.9673125,bKSwNSa_URE,172,166.2,0.9894782355346669,0.6,0.2
620,177.684875,8akJBtulVvQ,181,152.9,0.8605121848440955,0.3,0.1
621,271.8041,MPs9c1jhMhw,272,265.8,0.9779101934076786,0.5,0.5
622,369.92,yUqnTAEMsuk,370,366.0,0.9894031141868511,0.4,0.3
623,152.86855,lnncO6iK4N4,150,146.9,0.9609563248948199,0.5,0.5
624,269.3485714285714,uZD3z7hbDKs,267,261.0,0.9690045824847251,0.4,0.4
626,183.24900000000002,tgUyDhwDFdU,185,174.2,0.9506191029691838,9.5,3.9
627,148.140375,kHQiYI6Rj8o,149,141.1,0.9524749751713535,5.2,5.2
628,176.9796,N8oNHMNCSjQ,177,117.5,0.6639183273100402,23.4,21.5
629,415.26855,AjGLMcrWrS8,415,379.9,0.9148296927373863,0.6,0.4
630,331.6244897959184,ZYyLM7vLRfs,334,322.4,0.9721839306813704,0.3,0.3
631,231.52325,LdR5_bqS8ok,237,228.0,0.9847823058807269,5.7,0.7
632,320.6008,IcBduw4vCxY,318,314.8,0.9819064706014459,0.4,0.4
634,242.21266666666668,DsCMWDwc7Kg,244,241.6,0.9974705424158934,0.3,0.1
635,185.91345,I4Jk8NIhWrY,183,137.8,0.7412051145304441,40.2,40.5
636,187.79429166666668,EeTpLVrNmFo,188,181.6,0.9670155487065523,0.5,0.5
637,255.1641,htwk10OZ2-w,255,248.1,0.9723154628727161,0.3,0.2
638,176.8750625,XAFjEV-6eiY,220,135.3,0.7649467261672346,1.0,1.2
639,188.6301875,15dC8md6TQQ,207,146.5,0.7766519343570074,32.2,25.4
640,219.0105625,g0cyMAFiH8c,223,38.1,0.17396421234249834,35.9,31.3
642,229.4,wSZP8TR__LQ,230,227.1,0.9899738448125545,0.6,0.2
643,208.9795625,AX8RpC42_9Q,210,117.9,0.5641700010736697,76.0,77.2
646,158.70666666666668,C6XpzAxYcQI,159,153.5,0.9671931445853986,0.6,0.6
647,218.10666666666665,aXeIRNL-uic,212,208.1,0.9541203081061255,2.9,0.2
648,317.23104166666667,pev0dINRaok,317,306.7,0.9668032434299659,1.8,1.7
650,224.86204166666667,7jRxpgELtPw,225,220.3,0.9797118195990171,0.2,0.1
651,95.26858333333334,MHQvrFBw714,101,89.8,0.9425982507349834,1.2,1.0
652,143.88779166666666,Uwsrk_Dhjgs,146,133.7,0.929196274759238,0.6,0.6
653,133.773,RFGo5cqcxP4,134,131.1,0.9800183893610818,0.7,0.7
654,409.8115419501134,-5EeoeeRp38,410,377.7,0.9216431489525437,2.3,2.3
655,230.19099999999997,nnkyT0D31qI,233,228.7,0.9935227702212511,1.7,1.0
658,264.1502083333333,zrIozuKUZ6w,267,257.9,0.9763384311798606,0.4,0.5
659,114.93875,y-3F4Nc_ijo,115,111.3,0.9683418342378005,0.7,0.3
660,229.0155102040816,IGL-ojxKkTo,235,223.0,0.9737331755446562,0.6,0.6
661,271.151,Hjc_pSD8ZSs,273,268.8,0.9913295543811382,1.1,1.2
662,256.86205,FPSb5QjgjAc,257,247.4,0.9631629117652841,0.6,0.6
663,365.33525,wnskDRTzlkk,366,362.4,0.9919655987206272,0.6,0.5
664,257.33225,F7SQpjhbcws,256,245.5,0.9540195603155066,0.5,0.2
666,61.7012,fOZqFj4g66c,62,58.9,0.9546005588221946,0.1,0.1
667,188.3951,O-ME8ArqoT4,186,183.1,0.9718936426690502,0.4,0.3
668,396.7232,QrWK5XWuGpk,397,380.0,0.9578466800025811,0.5,0.4
669,152.5811875,H42Ou13za30,152,145.1,0.9509691356937433,0.4,0.5
670,359.2359,byQKvmvu-II,359,358.2,0.9971163795155216,0.1,0.0
671,245.36815,PEzhRyEQ7-c,246,241.4,0.9838277706377131,1.0,0.6
672,258.0,oJyc9uAlzxs,259,250.6,0.9713178294573643,0.6,0.5
674,231.549375,jdb_3H-28dE,227,154.6,0.6676761705791691,1.7,1.7
675,182.0211875,2cyM2_suV0o,187,178.1,0.9784575216003356,2.1,0.6
676,233.82,H315jc_iHcI,230,152.6,0.652638781969036,16.8,17.0
677,397.190125,o0mp2VVC7lE,400,379.8,0.9562171264957808,1.6,0.5
678,592.0653,LSt9fp9sxZI,593,379.8,0.6414832958459143,0.5,0.5
679,26.566541666666666,nFBRR8ej7Yc,27,25.0,0.9410332859157117,0.3,0.2
680,1406.8,DXzSVT0oG7U,642,379.5,0.2697611600796133,16.6,0.7
682,181.31591666666668,98lRKph9OMA,190,175.6,0.9684753728643972,8.0,1.9
683,270.53333333333336,Qy4yXNWWruI,271,267.0,0.9869393790044356,0.3,0.2
684,183.37958333333333,F4LYes4fH4Y,189,181.1,0.9875690450818089,0.4,0.3
685,291.89225,Aqe0jodb280,293,278.7,0.9548043841520287,11.6,12.1
686,263.8105625,6-LUuAn5Obc,272,171.4,0.6497086332545916,31.9,33.2
687,270.9159375,E0E0ynyIUsg,256,218.9,0.8079997139334042,28.0,37.2
688,212.3547083333333,kl1hgXfX5-U,212,208.7,0.9827896053635105,1.8,0.4
690,69.6504375,NLN1M5Zp-ws,70,65.6,0.9418462016121578,0.5,0.4
691,252.70666666666668,wyLXrWwpsXQ,253,249.9,0.988893578852952,0.4,0.3
692,296.1555,vy1V5LHXWbg,298,286.2,0.9663842136985468,0.7,0.5
693,208.94666666666663,g4I8O6-xXYY,209,204.7,0.9796758343436923,0.6,0.6
694,167.7061,f0CeVPI27JE,168,165.5,0.9868454397305764,0.3,0.1
695,391.69199999999995,ZXgnpFz1HUk,392,380.0,0.9701500158287636,0.3,0.3
696,238.49795833333332,0vqgdSsfqPs,238,230.4,0.966046005634919,3.4,0.1
700,276.453875,cwF_PRpy6yI,302,173.0,0.62578251073529,120.2,98.0
701,297.4266666666667,_HfF-CFCq7Q,301,290.7,0.9773837808759581,5.8,0.2
702,209.04,rXKez6O5hno,209,194.6,0.9309223115193265,0.2,0.2
703,320.91429166666666,Vc8OlqyxtBQ,321,311.3,0.9700409364234455,2.3,1.8
704,265.0905625,XyNYrmmdUd4,265,254.8,0.961180954904798,1.9,2.0
706,320.4963333333333,2Nppf6SZB1c,324,316.0,0.9859707183337512,0.2,0.2
707,171.7945,cqM2w7tC_x0,173,167.7,0.9761662917031686,0.3,0.5
708,333.50525,y7Zv6kvMCj0,334,324.2,0.9720986401263548,0.8,0.9
709,55.46666666666667,dZa7GyPFQTI,56,54.5,0.9825721153846153,0.3,0.1
710,6.293333333333332,hImuF43NAX0,7,5.7,0.905720338983051,0.3,0.1
711,4.733333333333333,1ayxV1RnSqs,204,3.4,0.7183098591549295,0.6,0.5
712,21.603275,n8AcUaWvg00,22,20.1,0.9304144857666258,0.6,0.6
714,16.300416666666667,2J9C6AA1Le8,17,15.3,0.9386263132333018,0.3,0.1
715,105.30666666666669,TdYErPJlIjY,103,99.9,0.9486578880729297,1.8,1.6
716,17.214708333333334,XegemafQ1Is,17,16.7,0.9701006648868578,0.2,0.1
717,11.533333333333333,9B7oPiPjiAQ,12,11.0,0.953757225433526,0.6,0.3
718,52.13333333333333,vVg7ycwHHLs,52,46.0,0.8823529411764706,0.7,0.8
719,14.942041666666665,Thc7R7yO-o4,15,13.4,0.8967984629498982,0.3,0.1
720,18.466666666666665,GthWmeDO6tY,19,17.8,0.9638989169675092,0.2,0.2
722,74.449,tBcFPlkkMO8,75,55.6,0.7468199707182098,0.8,0.6
723,62.56,Ft327MrKCDY,63,59.0,0.9430946291560102,0.8,0.6
724,5.04,hoKqcW6NiCQ,5,4.0,0.7936507936507936,0.2,0.0
725,109.63591666666666,uPafy7n6E4I,485,103.9,0.9476821388368016,372.4,0.8
726,242.5992083333333,PZ-Q5AiARIU,244,235.6,0.9711490883197098,0.3,0.3
727,328.391125,rqb63q8hC8w,329,322.5,0.9820606449093288,1.0,0.4
728,348.68245,DMIYtJBQPR0,348,346.0,0.992306897006144,0.2,0.4
731,163.63104166666668,YgE5qwkHduo,166,161.8,0.9888099369898489,0.5,0.3
733,178.319875,6PNpP6owiJs,178,172.7,0.9684843038388177,0.4,0.4
735,135.11836734693878,czqN-ja128Q,136,121.2,0.8969913001449975,0.6,0.5
736,64.83591666666666,tfO3y2_5L-o,122,58.7,0.9053623827328218,1.1,1.1
738,82.0245,-tCeJ2BDEu8,259,78.3,0.9545928350675712,176.2,0.3
739,69.04166666666667,_DE1bgrCYT4,69,63.6,0.9211828605914303,0.4,0.3
740,92.05554166666668,i9vYKjFCDV8,91,87.8,0.9537720207863638,1.0,0.5
744,160.1006,KoUGH7nS5F0,160,158.7,0.9912517504618971,0.1,0.1
746,587.94435,c71v_3cNXgs,591,380.0,0.6463196729418355,0.7,0.4
747,233.42666666666668,nzZ8LrqMvB0,234,228.4,0.9784657565545211,0.2,0.1
748,345.5933,Ypusz56Y_mc,347,341.6,0.9884450884898521,1.7,0.5
749,281.9615,I7kqV84pvCM,282,276.8,0.9816943093294652,0.5,0.5
750,425.0645,bkLePF0WjR4,426,376.7,0.8862184444948943,2.4,3.4
751,213.44653061224489,wvv-c7KeFCw,214,207.7,0.9730774232040142,0.8,0.4
752,301.62666666666667,gMRNoW_L5NY,302,297.1,0.9849924851914067,1.5,1.4
754,213.6347083333333,Tg66IYsZJwQ,214,207.4,0.9708160327412468,0.6,0.5
757,196.80655,QE1_5b0UbYs,197,191.5,0.9730367205766273,0.6,0.6
760,272.14365,CyVcCQs7vPg,272,266.8,0.9803645978879171,0.4,0.5
762,373.23758333333336,uDs5Mi3o8L0,779,361.8,0.9693557566438357,1.0,0.4
763,256.3657,NgrAUX7Y25w,256,249.5,0.973219116285837,0.5,0.5
765,275.06941666666665,xVjuRaW8xa8,278,269.4,0.979389142074137,0.6,0.5
767,232.4375833333333,Cogw9dlwPgg,232,225.1,0.968432027092578,2.7,2.8
768,264.43755,lYyR7pIXMVk,265,257.3,0.9730085610005085,0.5,0.5
770,245.0445625,8W3jC4T9TWo,247,241.7,0.9863512070381075,0.5,0.3
771,196.98666666666668,9ehmzxP6UZU,268,43.7,0.22184242588330852,170.7,106.0
772,289.884025,OYn-o9LpYD4,163,138.6,0.4781222421621888,21.7,22.6
773,123.50666666666666,cstYOmTziPM,124,117.0,0.9473172838173378,0.9,0.7
774,226.89333333333332,pCDZ4er9l40,227,218.0,0.9608039019803727,1.4,1.1
775,210.42666666666668,nMrNYCguPdc,239,208.0,0.9884678747940692,20.9,0.4
776,193.70666666666668,7QyywLf00g0,205,168.5,0.8698719713656388,21.2,13.7
780,268.2933333333333,9QRqaMzN9xA,304,186.9,0.6966255839379785,73.3,67.5
781,185.61333333333332,AI40TN8sekA,186,184.8,0.9956181308814024,0.5,0.0
782,186.72325,PMigXnXMhQ4,187,154.2,0.8258211015500211,5.4,4.0
783,221.946125,uJIFSB8owlM,223,218.1,0.982670907185246,0.4,0.2
784,201.5869387755102,RixHMMTM0dQ,199,196.1,0.9727812783465077,0.7,0.7
786,146.7479375,GJW19nlzb3Q,147,139.9,0.9533353748157448,0.6,0.0
787,160.46666666666667,uhjqyPqcvEs,161,154.4,0.9621936019941837,2.0,0.7
790,180.506125,1yDN-mQmqaI,181,178.7,0.9899941068481748,0.8,0.4
791,227.1347083333333,8syDsF3IxEA,226,210.6,0.9272030749740473,4.2,1.1
794,89.20815,8Pnxe_6HL8w,91,82.2,0.921440473768372,0.8,0.6
798,200.88166666666663,bRiGzesm60Q,201,193.9,0.965244878825843,3.9,3.8
799,202.63185,yiwQBs6q3-c,203,198.4,0.9791155733908564,0.6,0.6
800,224.653,VeXrxSdHXa4,223,211.6,0.9418970590199107,3.3,3.3
802,249.8611875,KiygLeYdjsI,250,241.1,0.9649357805921738,0.5,0.5
804,77.79265,gEfNzsvSfEk,180,22.0,0.2828030668707134,7.5,6.2
805,214.4653,nfmSffmFmHY,215,207.1,0.9656573814038913,1.5,1.7
806,276.37333333333333,61klageOn-4,278,267.6,0.9682554998070244,2.0,0.3
807,196.728125,xN2UpPqCcSk,198,188.2,0.9566501993550743,3.6,0.6
808,170.6579375,KEG9DmQvw7c,182.0,162.9,0.9545410098490145,9.6,0.4
810,238.86666666666667,XzQSNJBozNY,240,228.7,0.9574379012001115,0.3,0.4
811,284.0294,s_76F95k0a8,284,278.1,0.9791239920937762,1.0,0.3
813,159.95575,bBA1D1T6FM4,164.0,157.5,0.984647316523476,2.2,0.3
814,275.35675,qE4KVDH_5ok,277,269.2,0.9776408241308775,0.5,0.4
815,463.33391666666665,EvpOkY_lZIE,464,380.0,0.8201428523381356,0.3,0.3
816,145.34525,toreHfq87SE,149,34.8,0.23942990913015733,0.4,0.3
818,397.32245833333326,19VERhSvRtc,395,380.1,0.9566537003582001,0.4,0.1
819,445.9102083333333,dXfcfJE8Q4Y,447,379.6,0.8512924640564316,0.4,0.4
822,234.8930625,3lzEA6vuYF8,244,64.4,0.27416731390268284,70.5,69.5
823,164.0228125,Ytyz_AW1WLw,168,148.8,0.9071908823658296,11.8,11.9
824,176.64,DGhEN4sn4gg,185,44.1,0.24966032608695654,118.0,117.1
827,341.49875,zvAo7syLiLI,344,334.8,0.980384262021457,0.9,0.6
828,196.9333333333333,ppT7JaGozmw,198,191.1,0.9703791469194314,1.8,1.3
829,172.8,kc_fKo0Ru3I,175,86.1,0.49826388888888884,29.2,28.1
831,176.16,gVIOWkk3c0E,176,173.5,0.9849000908265214,0.4,0.0
832,112.6661,g4xoxWmmdxM,116,106.4,0.9443834480824312,1.6,1.4
834,170.449,6iguNTrwxBY,173,166.4,0.9762450938403863,0.4,0.4
835,131.76165,I3VDO0BvtlU,134,127.4,0.9668974242505312,1.6,0.5
836,142.47185,KYzZpUwUiKE,140,135.7,0.9524688561284211,1.1,0.9
837,236.6955,7fkMH97SmoA,235,228.6,0.9657978288560618,0.8,0.5
838,213.13305,aQ-w0zjandw,209,204.0,0.957148598023629,0.3,0.3
839,232.51591666666667,BBi1FyV_OgY,234,227.7,0.9792877978604332,0.6,0.5
842,100.3101875,jAKiLWHfABA,109,87.8,0.8752849754168788,2.4,2.0
843,238.94204166666665,lsRre2LuQYI,239,233.4,0.9768059164975329,0.5,0.5
844,228.127375,7yjbxX31QLY,229,218.6,0.9582365991806112,0.6,0.4
845,215.87591666666665,EKQYo-F8lkk,217,209.6,0.9709281296238464,1.6,0.4
846,255.7649,cuD_qK-ToD0,254,185.8,0.7264483906900439,61.0,61.5
847,209.998375,pfQAEOAOqJE,210,201.2,0.9581026519848069,0.7,1.0
851,256.75758333333334,9f21woOt9GE,257,250.4,0.9752389656780667,0.2,0.1
852,434.860375,O6LhN_4BSr0,443,365.3,0.8400397483905035,9.5,7.2
853,223.3208125,OMnVKzksvVU,230,217.8,0.9752785580609511,4.7,0.6
854,72.58666666666667,ML9cmj_nVW8,73,71.6,0.9864070536370314,0.2,0.1
855,190.61553125,ZmKrD39Q79w,191,189.1,0.9920492772018019,0.7,0.5
858,314.25305,MDh5LfFSPxI,314,309.9,0.9861479466945507,0.4,0.7
859,535.3273125,oRvFyj2MLYk,534,379.9,0.7096592890541149,0.6,0.5
860,316.8391875,2f4U-EA2uuI,318,311.1,0.9818861184903147,0.7,0.4
861,313.2343,GKRRnCbP2Bo,340,306.2,0.9775430085402523,31.8,0.3
862,611.5265306122449,5T-u24iNetA,610,379.7,0.6209051954293038,0.9,0.4
863,630.3869583333334,-hwiCkU73NA,630,379.9,0.602645716219145,0.4,0.3
864,237.6098333333333,ChrmO2cF6FE,233,230.5,0.9700776974016929,0.1,0.5
866,197.511875,T-A_FpNd2lM,196,189.3,0.9584233859356558,2.3,2.3
867,146.4685625,i-U3TrMR1bc,120,79.2,0.5407303700410114,29.3,0.3
869,171.075875,rL4FcN9OKLY,176,140.7,0.8224420889269162,29.5,28.7
872,39.8366875,UNi5dR3RJJA,258,8.7,0.21839165216736456,45.4,14.8
877,433.92,P-z2jK5Y8JA,434,377.8,0.8706674041297935,2.4,2.4
878,1728.2612,hsOEJfy5jX0,1729,380.0,0.21987417179764263,761.6,0.4
880,326.5045,PWNXmKKkRmI,260,164.8,0.5047403634559401,0.1,62.8
883,408.71825,K5qqm4rlm8M,410,379.6,0.9287571572837768,1.4,1.0
884,400.35266666666666,rnEeZTphC-U,401,378.9,0.946415576933004,1.5,1.4
887,278.7265,4oXFxbJ8mNE,280,137.4,0.49295635685878453,86.8,87.9
890,355.16083333333336,lk-E0VbgxkU,355,346.6,0.9758958969293254,1.0,1.0
893,225.888875,SfwClbIp9Zg,223,221.0,0.9783571678773467,0.3,0.2
894,234.60575,pH5-1BnNK8U,235,226.6,0.9658757298148063,0.5,0.6
895,419.36983333333336,I3NXApQe-c8,419,380.0,0.9061214465036628,0.4,0.4
898,387.60491666666667,7tiZSMKyKO4,388,379.7,0.9796057368553331,0.4,0.5
899,112.4,_oLFctocYnk,115,110.5,0.9830960854092526,0.3,0.3
900,215.24900000000002,z5Ndq_tVnGA,212,207.4,0.9635352545191846,0.6,0.4
901,151.56245,cMPlMKDA04I,152,150.1,0.9903508421775973,0.8,0.3
904,173.6359,xypmAwADnd4,170,86.5,0.4981688694561436,73.9,73.0
906,305.76325,TpLsSNIQ0qU,308,297.8,0.9739561572556544,0.4,0.3
909,294.635125,gBcKAU_L7XE,292,290.4,0.985625865212099,0.2,0.5
910,196.25795833333333,oPE8m_Xt6yg,196,192.6,0.9813614776980382,0.4,0.6
911,82.703625,m5I_7nVDnTM,83,75.7,0.9153165898109061,0.3,0.4
914,305.7894,t2WG15hkH8M,307.0,300.8,0.9836835416793388,0.3,0.3
919,58.56654166666666,-RngRJDDEPk,53,50.2,0.8571446865637876,0.2,0.7
920,355.57879166666675,2GZLdgzO2lo,356,345.8,0.9724989456743703,1.7,1.6
925,164.075125,zbioGFjlybE,175,70.6,0.4302906976301252,100.1,87.4
930,470.0211875,NNhe9NUSZ94,469,379.9,0.8082614360868572,0.4,0.4
931,278.0735,Zg3AinOJoSk,278,273.2,0.9824740581177277,0.6,0.6
932,1149.8318125,KAHxibPnhOk,1150,378.2,0.32891766942654493,0.5,0.5
933,467.8008333333333,WdiQCHLd51Y,468,380.1,0.8125252733980453,0.3,0.3
934,475.0366875,41p1Fcq9liI,472,379.5,0.7988856650150836,0.5,0.5
935,587.1020416666668,zXkxDsrErH0,587,379.9,0.6470766119660203,0.5,0.5
936,210.8081632653061,1CifcnZGIoE,212,203.0,0.9629608116480795,2.1,0.3
938,214.4653333333333,NFnbpqs7JuI,214,204.0,0.9512026807751371,1.4,1.4
939,363.41554166666674,kQ5qkV7hJZQ,372,358.9,0.9875747150329401,10.1,1.7
941,251.45470833333331,0yP7wn9lZ7o,251,241.5,0.9604115254022718,0.5,0.5
942,191.0596,QiKJ8jzeC3k,190,186.7,0.9771819892850189,0.8,0.4
943,115.3305625,Eiva-FLAkhQ,115,107.7,0.9338374639419625,0.5,0.4
944,240.0653,1QkKcctcH7E,240,233.1,0.970985810943939,0.7,0.4
946,153.07755,ReZ8-OpYogI,154,148.9,0.9727095841290901,0.6,0.3
948,372.06205,i6U5JcS-Pao,372,363.4,0.9767188026835846,1.3,0.9
951,171.1804,iRzn7mgIH8o,175,164.9,0.9633112202097904,0.5,0.5
952,122.0702,KLFofUmOYfk,1523,78.7,0.6447109941656523,12.3,11.8
954,158.06695,FtRX-_gv8tM,159,149.4,0.9451691197938595,0.4,0.4
1600,211.46666666666667,rblYSKz_VnI,208,195.2,0.923076923076923,3.1,3.5
1602,255.2979,_yyJuhlhDDA,256,251.4,0.9847319543168981,0.8,0.5
1603,228.653,Iw3izcZd9zU,241,221.1,0.9669674135043057,7.8,0.6
1604,216.95015,rY0WxgSXdEE,223,194.7,0.8974411863739203,19.9,15.0
1605,122.83095,-tJYN-eG1zk,135,118.6,0.9655546912239952,6.5,0.5
1606,181.0579,ZPhcoL6N9Uo,239,171.5,0.9472108093598789,0.7,0.7
1607,343.46115,Ro2gUiAFjN8,344,339.5,0.9884669634396788,0.9,0.7
1608,387.7387,g2N0TkfrQhY,407,379.9,0.9797835501073274,19.3,0.5
1610,248.009725,Od6hY_50Dh0,272,234.9,0.947140278470935,17.3,5.5
1611,220.555025,JU5LMG3WFBw,234,168.7,0.7648884898451077,50.0,44.6
1612,248.95015,3H-OY7KijuU,249,245.7,0.9869445750484585,0.3,0.4
1613,177.21466666666663,ho7796-au8U,211.0,172.1,0.9711385814567645,16.6,1.1
1614,258.142,Xz-WKZnK_5Y,411,166.3,0.6442190732232648,18.3,12.7
1615,251.97716666666668,PHZ1Bii7Uwk,258,245.6,0.9746914899035163,0.8,0.9
1616,203.18041666666667,5X-Mrc2l1d0,203,199.5,0.9818859675206558,1.0,1.3
1618,217.36491666666663,6xAtbkRMgqU,218,214.3,0.9858996717884941,0.6,0.5
1619,221.9885833333333,K4VHhOa6hqg,222,218.2,0.9829334316366871,0.4,0.2
1620,314.61875,zADxFyExcmA,315,306.4,0.9738771131726892,0.1,0.2
1621,201.62375,V6rcwVojnfY,203,193.6,0.9602043410064538,0.6,0.6
1622,239.658,PfrV_6yWbEg,397,231.9,0.9676288711413765,43.4,1.9
1623,319.07025,P5vz6iwV38U,323,310.8,0.9740801594633157,0.9,1.1
1624,308.4384166666667,C1kHeeEMe-s,267,257.7,0.8354990366796613,3.4,23.3
1626,309.6666666666667,eAR_Ff5A8Rk,311,304.2,0.9823466092572658,1.0,0.3
1627,165.2,9_nIC1bEHTU,166,155.4,0.940677966101695,0.7,0.3
1628,222.0,ANsKjjyfeOo,222,213.1,0.9599099099099099,0.2,0.2
1629,235.6266666666667,UofYl3dataU,237,232.4,0.9863060208239022,1.0,0.3
1630,171.82666666666665,jIDEZ_frJBs,201,32.4,0.18856211686195393,162.6,116.9
1631,78.89333333333333,aP47nqo2cf4,79,78.3,0.9924792969410174,0.2,0.3
1632,305.06666666666666,y__Zs3e6BdA,305,300.8,0.986013986013986,2.9,2.2
1634,160.4,m2uTFF_3MaA,165,75.4,0.4700748129675811,33.5,31.8
1635,147.97333333333333,MiYUKhd49Ik,150,118.3,0.7994683726797621,19.4,14.9
1636,162.3733333333333,H3MgJWH2TiQ,2133,157.5,0.9699868615536215,939.8,0.5
1637,158.8,9y7UYvG42LI,159,150.1,0.9452141057934508,0.4,0.7
1638,118.8,8Y956j5YoWU,119,109.9,0.9250841750841752,1.0,0.5
1639,153.50666666666666,KzmvL2qYP1o,2026,141.2,0.919829757665248,135.4,0.5
1640,134.73333333333332,sU_7Bvr1Mh8,133,115.6,0.8579910935180604,6.2,5.2
1642,164.08,G87l7ntIpdQ,158,152.3,0.9282057532910776,1.5,1.7
1646,125.73333333333332,u5l83RmSqzo,126,119.8,0.9528101802757158,1.0,0.5
1647,238.02775510204083,BpndGZ71yww,243,234.0,0.9830786325724319,2.6,3.4
1648,66.5861224489796,oMarHac3VpQ,67,65.1,0.9776811985092192,0.6,1.0
1651,49.84163265306122,fUUOX6kAIxI,51,47.3,0.9490058307127883,1.7,1.1
1652,285.2933333333333,zOKGcEfSwnY,287,282.4,0.9898583913632752,1.4,0.9
1653,163.30666666666667,0ArlUSVDQIw,164,161.0,0.985875244937949,1.9,1.8
1654,174.89333333333335,z9EaBjFvQpc,175,172.5,0.9863154684760234,0.5,0.5
